file_id,gt,conv_pred,conv_wer,lstm_pred,lstm_wer
01April_2010_Thursday_heute_default-0,__ON__ LIEB ZUSCHAUER ABEND WINTER GESTERN NORD SCHOTTLAND REGION UEBERSCHWEMMUNG AMERIKA IX,__ON__ LIEB ZUSCHAUER ABEND WINTER GESTERN NORD SCHOTTLAND REGION UEBERSCHWEMMUNG AMERIKA IX,0.0000,__ON__ LIEB ZUSCHAUER ABEND WINTER GESTERN NORD SCHOTTLAND REGION UEBERSCHWEMMUNG AMERIKA IX,0.0000
01April_2010_Thursday_heute_default-2,WEST WARM WEST BLEIBEN KUEHL,WEST WARM WEST BLEIBEN KUEHL,0.0000,WEST WARM WEST BLEIBEN KUEHL,0.0000
01April_2010_Thursday_heute_default-3,KUEHL IN-KOMMEND NACHT MINUS TEIL MINUS FUENF ALPEN KUESTE NULL,KUEHL IN-KOMMEND NACHT MINUS TEIL MINUS FUENF ALPEN KUESTE NULL,0.0000,KUEHL IN-KOMMEND NACHT MINUS TEIL MINUS FUENF ALPEN KUESTE NULL,0.0000
01April_2010_Thursday_heute_default-4,MORGEN TEMPERATUR ACHT BIS DREIZEHN MAXIMAL DREIZEHN,MORGEN TEMPERATUR ACHT BIS DREIZEHN MAXIMAL DREIZEHN,0.0000,MORGEN TEMPERATUR ACHT BIS DREIZEHN MAXIMAL DREIZEHN,0.0000
01April_2010_Thursday_heute_default-6,AUCH SAMSTAG WEST FREUNDLICH IX TROCKEN WEST REGEN,AUCH SAMSTAG WEST FREUNDLICH IX TROCKEN WEST REGEN,0.0000,AUCH SAMSTAG WEST FREUNDLICH IX TROCKEN WEST REGEN,0.0000
01April_2010_Thursday_heute_default-7,SONNTAG SUED SCHNEE DABEI MONTAG SCHAUER KOMMEN,SONNTAG SUED SCHNEE DABEI MONTAG SCHAUER KOMMEN,0.0000,SONNTAG SUED SCHNEE DABEI MONTAG SCHAUER KOMMEN,0.0000
01April_2010_Thursday_heute_default-8,DANN FREUNDLICH KLAR MONTAG MEHR WARM AB DIENSTAG JETZT WUENSCHEN SCHOEN ABEND __OFF__,DANN FREUNDLICH KLAR MONTAG MEHR WARM AB DIENSTAG JETZT WUENSCHEN SCHOEN ABEND __OFF__,0.0000,DANN FREUNDLICH KLAR MONTAG MEHR WARM AB DIENSTAG JETZT WUENSCHEN SCHOEN ABEND __OFF__,0.0000
01April_2010_Thursday_tagesschau_default-0,__ON__ WETTER WIE-AUSSEHEN MORGEN FREITAG ZWEITE APRIL __OFF__,__ON__ WETTER WIE-AUSSEHEN MORGEN FREITAG ZWEITE APRIL __OFF__,0.0000,__ON__ WETTER WIE-AUSSEHEN MORGEN FREITAG ZWEITE APRIL __OFF__,0.0000
01April_2010_Thursday_tagesschau_default-2,HEUTE NACHT OST REGEN NORD REGEN MORGEN UEBERWIEGEND FREUNDLICH,HEUTE NACHT OST REGEN NORD REGEN MORGEN UEBERWIEGEND FREUNDLICH,0.0000,HEUTE NACHT OST REGEN NORD REGEN MORGEN UEBERWIEGEND FREUNDLICH,0.0000
01April_2010_Thursday_tagesschau_default-3,IX SCHAUER ABEND WEST SUED BISSCHEN REGEN,IX SCHAUER ABEND WEST SUED BISSCHEN REGEN,0.0000,IX SCHAUER ABEND WEST SUED BISSCHEN REGEN,0.0000
01April_2010_Thursday_tagesschau_default-4,HIER WIND SCHWACH MAESSIG WEST NORD WIND __OFF__,HIER WIND SCHWACH MAESSIG WEST NORD WIND __OFF__,0.0000,HIER WIND SCHWACH MAESSIG WEST NORD WIND __OFF__,0.0000
01April_2010_Thursday_tagesschau_default-5,__ON__ HEUTE NACHT FLUSS DREI MINUS SECHS ALPEN VORSICHT GLATT,__ON__ HEUTE NACHT FLUSS DREI MINUS SECHS ALPEN VORSICHT GLATT,0.0000,__ON__ HEUTE NACHT FLUSS DREI MINUS SECHS ALPEN VORSICHT GLATT,0.0000
01April_2010_Thursday_tagesschau_default-6,MORGEN SIEBEN LAND VIERZEHN FLUSS,MORGEN SIEBEN LAND VIERZEHN FLUSS,0.0000,MORGEN SIEBEN LAND VIERZEHN FLUSS,0.0000
01April_2010_Thursday_tagesschau_default-9,OSTERN MONTAG AUCH REGEN HOCH SCHNEE __OFF__,OSTERN MONTAG AUCH REGEN HOCH SCHNEE __OFF__,0.0000,OSTERN MONTAG AUCH REGEN HOCH SCHNEE __OFF__,0.0000
01April_2011_Friday_tagesschau_default-2,__ON__ WOCHENENDE IX HOCH DRUCK DAZU WARM KOMMEN VIEL SONNE UND AEHNLICH SOMMER TEMPERATUR __OFF__,__ON__ WOCHENENDE IX HOCH DRUCK DAZU WARM KOMMEN VIEL SONNE UND AEHNLICH SOMMER TEMPERATUR __OFF__,0.0000,__ON__ WOCHENENDE IX HOCH DRUCK DAZU WARM KOMMEN VIEL SONNE UND AEHNLICH SOMMER TEMPERATUR __OFF__,0.0000
01April_2011_Friday_tagesschau_default-4,__ON__ REGION TIEF SONNTAG KOMMEN REGEN UND GEWITTER __OFF__,__ON__ REGION TIEF SONNTAG KOMMEN REGEN UND GEWITTER __OFF__,0.0000,__ON__ REGION TIEF SONNTAG KOMMEN REGEN UND GEWITTER __OFF__,0.0000
01April_2011_Friday_tagesschau_default-7,KLAR IX REGION KOENNEN NEBEL NORDOST TAG ANFANG WOLKE WEST IX EINFACH VERSCHWINDEN MEHR SONNE __OFF__,KLAR IX REGION KOENNEN NEBEL NORDOST TAG ANFANG WOLKE WEST IX EINFACH VERSCHWINDEN MEHR SONNE __OFF__,0.0000,KLAR IX REGION KOENNEN NEBEL NORDOST TAG ANFANG WOLKE WEST IX EINFACH VERSCHWINDEN MEHR SONNE __OFF__,0.0000
01April_2011_Friday_tagesschau_default-9,__ON__ WIND SCHWACH MAESSIG NORD SEE IX KOENNEN FRISCH WEHEN __OFF__,__ON__ WIND SCHWACH MAESSIG NORD SEE IX KOENNEN FRISCH WEHEN __OFF__,0.0000,__ON__ WIND SCHWACH MAESSIG NORD SEE IX KOENNEN FRISCH WEHEN __OFF__,0.0000
01April_2011_Friday_tagesschau_default-10,__ON__ BERG ALLGAEU HEUTE ABEND VIER GRAD FLUSS ELF GRAD __OFF__,__ON__ BERG ALLGAEU HEUTE ABEND VIER GRAD FLUSS ELF GRAD __OFF__,0.0000,__ON__ BERG ALLGAEU HEUTE ABEND VIER GRAD FLUSS ELF GRAD __OFF__,0.0000
01April_2011_Friday_tagesschau_default-11,__ON__ RUEGEN MORGEN VIERZEHN GRAD FLUSS SOMMER FUENF ZWANZIG BIS SECHS ZWANZIG GRAD __OFF__,__ON__ RUEGEN MORGEN VIERZEHN GRAD FLUSS SOMMER FUENF ZWANZIG BIS SECHS ZWANZIG GRAD __OFF__,0.0000,__ON__ RUEGEN MORGEN VIERZEHN GRAD FLUSS SOMMER FUENF ZWANZIG BIS SECHS ZWANZIG GRAD __OFF__,0.0000
01April_2011_Friday_tagesschau_default-12,__ON__ SONNTAG WEST NORDWEST WOLKE KOENNEN REGEN ODER GEWITTER KOENNEN,__ON__ SONNTAG WEST NORDWEST WOLKE KOENNEN REGEN ODER GEWITTER KOENNEN,0.0000,__ON__ SONNTAG WEST NORDWEST WOLKE KOENNEN REGEN ODER GEWITTER KOENNEN,0.0000
01April_2011_Friday_tagesschau_default-13,SUEDOST DURCHGEHEND SONNE TROCKEN WARM __OFF__,SUEDOST DURCHGEHEND SONNE TROCKEN WARM __OFF__,0.0000,SUEDOST DURCHGEHEND SONNE TROCKEN WARM __OFF__,0.0000
01August_2011_Monday_heute_default-0,__ON__ GUT ABEND LIEB ZUSCHAUER SOMMER KOENNEN SCHOEN WEST SUEDWEST SCHON WETTER BESONDERS BLAU HIMMEL WIE MAINZ ZEIGEN-BILDSCHIRM,__ON__ GUT ABEND LIEB ZUSCHAUER SOMMER KOENNEN SCHOEN WEST SUEDWEST SCHON WETTER BESONDERS BLAU HIMMEL WIE MAINZ ZEIGEN-BILDSCHIRM,0.0000,__ON__ GUT ABEND LIEB ZUSCHAUER SOMMER KOENNEN SCHOEN WEST SUEDWEST SCHON WETTER BESONDERS BLAU HIMMEL WIE MAINZ ZEIGEN-BILDSCHIRM,0.0000
01August_2011_Monday_heute_default-1,KOMMEN ALLE KOMMEN WARM SONNE AUS FRANKREICH KOMMEN SCHON DREISSIG GRAD KOMMEN,KOMMEN ALLE KOMMEN WARM SONNE AUS FRANKREICH KOMMEN SCHON DREISSIG GRAD KOMMEN,0.0000,KOMMEN ALLE KOMMEN WARM SONNE AUS FRANKREICH KOMMEN SCHON DREISSIG GRAD KOMMEN,0.0000
01August_2011_Monday_heute_default-2,IN-KOMMEND TAG AUCH BEI-UNS AM MITTWOCH WIEDER WARM DRUCK WEST SCHON ANFANG REGEN GEWITTER,IN-KOMMEND TAG AUCH BEI-UNS AM MITTWOCH WIEDER WARM DRUCK WEST SCHON ANFANG REGEN GEWITTER,0.0000,IN-KOMMEND TAG AUCH BEI-UNS AM MITTWOCH WIEDER WARM DRUCK WEST SCHON ANFANG REGEN GEWITTER,0.0000
01August_2011_Monday_heute_default-3,ABER HEUTE ABEND RUHIG BISSCHEN NEBEL MORGEN FRUEH BAYERN NIEDERSACHSEN REGION S REGION,ABER HEUTE ABEND RUHIG BISSCHEN NEBEL MORGEN FRUEH BAYERN NIEDERSACHSEN REGION S REGION,0.0000,ABER HEUTE ABEND RUHIG BISSCHEN NEBEL MORGEN FRUEH BAYERN NIEDERSACHSEN REGION S REGION,0.0000
01August_2011_Monday_heute_default-4,NORD KUESTE AUCH VIELLEICHT BISSCHEN ABER NACHT ENORM MILD IX MORGEN NEBEL ACH NICHT-HABEN,NORD KUESTE AUCH VIELLEICHT BISSCHEN ABER NACHT ENORM MILD IX MORGEN NEBEL ACH NICHT-HABEN,0.0000,NORD KUESTE AUCH VIELLEICHT BISSCHEN ABER NACHT ENORM MILD IX MORGEN NEBEL ACH NICHT-HABEN,0.0000
01August_2011_Monday_heute_default-5,SONNE MACHEN NEBEL VERSCHWINDEN DANN NORD DEUTSCH LAND SONNE ABER NORDWEST MUENSTER LAND BIS IX HESSEN REGION,SONNE MACHEN NEBEL VERSCHWINDEN DANN NORD DEUTSCH LAND SONNE ABER NORDWEST MUENSTER LAND BIS IX HESSEN REGION,0.0000,SONNE MACHEN NEBEL VERSCHWINDEN DANN NORD DEUTSCH LAND SONNE ABER NORDWEST MUENSTER LAND BIS IX HESSEN REGION,0.0000
01August_2011_Monday_heute_default-7,WARM SUEDWEST SCHON DREISSIG GRAD SCHON MEISTENS REST VIER ZWANZIG GRAD BIS DREI ZWANZIG GRAD BISSCHEN KUEHL MEISTENS NORD KUESTE BISSCHEN KUEHL IX,WARM SUEDWEST SCHON DREISSIG GRAD SCHON MEISTENS REST VIER ZWANZIG GRAD BIS DREI ZWANZIG GRAD BISSCHEN KUEHL MEISTENS NORD KUESTE BISSCHEN KUEHL IX,0.0000,WARM SUEDWEST SCHON DREISSIG GRAD SCHON MEISTENS REST VIER ZWANZIG GRAD BIS DREI ZWANZIG GRAD BISSCHEN KUEHL MEISTENS NORD KUESTE BISSCHEN KUEHL IX,0.0000
01August_2011_Monday_heute_default-8,GLEICH DONNERSTAG FREITAG UEBERALL KOMMEN IHR SCHOEN ABEND MACHEN GUT __OFF__,GLEICH DONNERSTAG FREITAG UEBERALL KOMMEN IHR SCHOEN ABEND MACHEN GUT __OFF__,0.0000,GLEICH DONNERSTAG FREITAG UEBERALL KOMMEN IHR SCHOEN ABEND MACHEN GUT __OFF__,0.0000
01December_2011_Thursday_heute_default-0,__ON__ ABEND LIEB ZUSCHAUER EUCH DEZEMBER ANFANG REGEN HEUTE LEUTE NACH-HAUSE DAS-IST-ES,__ON__ ABEND LIEB ZUSCHAUER EUCH DEZEMBER ANFANG REGEN HEUTE LEUTE NACH-HAUSE DAS-IST-ES,0.0000,__ON__ ABEND LIEB ZUSCHAUER EUCH DEZEMBER ANFANG REGEN HEUTE LEUTE NACH-HAUSE DAS-IST-ES,0.0000
01December_2011_Thursday_heute_default-1,HEUTE VOR MITTAG W IX WEITER REGEN VIER ZWANZIG STUNDE,HEUTE VOR MITTAG W IX WEITER REGEN VIER ZWANZIG STUNDE,0.0000,HEUTE VOR MITTAG W IX WEITER REGEN VIER ZWANZIG STUNDE,0.0000
01December_2011_Thursday_heute_default-2,REGION REGEN SAMSTAG DOCH MORGEN ABEND IX IRLAND SONNTAG REGEN DOCH VERBREITEN,REGION REGEN SAMSTAG DOCH MORGEN ABEND IX IRLAND SONNTAG REGEN DOCH VERBREITEN,0.0000,REGION REGEN SAMSTAG DOCH MORGEN ABEND IX IRLAND SONNTAG REGEN DOCH VERBREITEN,0.0000
01December_2011_Thursday_heute_default-4,BESONDERS BAYERN OST HIMMEL KLAR BISSCHEN NEBEL AUCH FROST,BESONDERS BAYERN OST HIMMEL KLAR BISSCHEN NEBEL AUCH FROST,0.0000,BESONDERS BAYERN OST HIMMEL KLAR BISSCHEN NEBEL AUCH FROST,0.0000
01December_2011_Thursday_heute_default-7,NORDWEST REGION SPAETER SUEDWEST AUCH OST BISSCHEN MEHR TROCKEN,NORDWEST REGION SPAETER SUEDWEST AUCH OST BISSCHEN MEHR TROCKEN,0.0000,NORDWEST REGION SPAETER SUEDWEST AUCH OST BISSCHEN MEHR TROCKEN,0.0000
01December_2011_Thursday_heute_default-8,BIS WALD P+O+P PFALZ IX DANN REGION MILD IX SONNE REGION STURM,BIS WALD PFALZ IX DANN REGION MILD IX SONNE REGION STURM,0.0833,BIS WALD PFALZ IX DANN REGION MILD IX SONNE REGION STURM,0.0833
01December_2011_Thursday_heute_default-9,NORDWEST WEHEN IX IN-KOMMEND NUR REGEN BIS MONTAG VIEL STURM SCHOEN ABEND EUCH MACHEN GUT EUCH __OFF__,NORDWEST WEHEN IX IN-KOMMEND NUR REGEN BIS MONTAG VIEL STURM SCHOEN ABEND EUCH MACHEN GUT EUCH __OFF__,0.0000,NORDWEST WEHEN IX IN-KOMMEND NUR REGEN BIS MONTAG VIEL STURM SCHOEN ABEND EUCH MACHEN GUT EUCH __OFF__,0.0000
01December_2011_Thursday_tagesschau_default-0,__ON__ JETZT WETTER MORGEN FREITAG ZWEITE DEZEMBER __OFF__,__ON__ JETZT WETTER MORGEN FREITAG ZWEITE DEZEMBER __OFF__,0.0000,__ON__ JETZT WETTER MORGEN FREITAG ZWEITE DEZEMBER __OFF__,0.0000
01December_2011_Thursday_tagesschau_default-2,__ON__ IX MEER TIEF NORDWEST WETTER WECHSELHAFT,__ON__ IX MEER TIEF NORDWEST WETTER WECHSELHAFT,0.0000,__ON__ IX MEER TIEF NORDWEST WETTER WECHSELHAFT,0.0000
01December_2011_Thursday_tagesschau_default-3,SUEDOST VORTEIL IX HOCH BELGIEN KOMMEN,SUEDOST VORTEIL IX HOCH BELGIEN KOMMEN,0.0000,SUEDOST VORTEIL IX HOCH BELGIEN KOMMEN,0.0000
01December_2011_Thursday_tagesschau_default-4,NACHT BESONDERS NORD NORDWEST REGEN SUED TEIL KLAR WOLKE NEBEL,NACHT BESONDERS NORD NORDWEST REGEN SUED TEIL KLAR WOLKE NEBEL,0.0000,NACHT BESONDERS NORD NORDWEST REGEN SUED TEIL KLAR WOLKE NEBEL,0.0000
01December_2011_Thursday_tagesschau_default-5,MEISTENS WOLKE REGEN SUED KOMMEN KLAR REGION WAHRSCHEINLICH SCHAUER,MEISTENS WOLKE REGEN SUED KOMMEN KLAR REGION WAHRSCHEINLICH SCHAUER,0.0000,MEISTENS WOLKE REGEN SUED KOMMEN KLAR REGION WAHRSCHEINLICH SCHAUER,0.0000
01December_2011_Thursday_tagesschau_default-7,NACHT ZEHN BAYERN IX MINUS ZWEI __OFF__,NACHT ZEHN BAYERN IX MINUS ZWEI __OFF__,0.0000,NACHT ZEHN BAYERN IX MINUS ZWEI __OFF__,0.0000
01December_2011_Thursday_tagesschau_default-9,__ON__ TAG NORD NUR FUENF ALLGAEU BERG VOR LAND VIERZEHN __OFF__,__ON__ TAG NORD NUR FUENF ALLGAEU BERG VOR LAND VIERZEHN __OFF__,0.0000,__ON__ TAG NORD NUR FUENF ALLGAEU BERG VOR LAND VIERZEHN __OFF__,0.0000
01December_2011_Thursday_tagesschau_default-11,__ON__ SAMSTAG WIEDER NEU REGEN KOMMEN WIND STURM,__ON__ SAMSTAG WIEDER NEU REGEN KOMMEN WIND STURM,0.0000,__ON__ SAMSTAG WIEDER NEU REGEN KOMMEN WIND STURM,0.0000
01December_2011_Thursday_tagesschau_default-12,SONNTAG WECHSELHAFT AUCH TEIL STURM,SONNTAG WECHSELHAFT AUCH TEIL STURM,0.0000,SONNTAG WECHSELHAFT AUCH TEIL STURM,0.0000
01December_2011_Thursday_tagesschau_default-13,MONTAG OFT STARK WOLKE TEIL ORT REGEN WIND BLEIBEN __OFF__,MONTAG OFT STARK WOLKE TEIL ORT REGEN WIND BLEIBEN __OFF__,0.0000,MONTAG OFT STARK WOLKE TEIL ORT REGEN WIND BLEIBEN __OFF__,0.0000
01February_2011_Tuesday_heute_default-0,__ON__ LIEB ZUSCHAUER GUT ABEND HEUTE NEBEL HOCH NEBEL ZWISCHEN RUHIG WETTER ZEIT VORBEI,__ON__ LIEB ZUSCHAUER GUT ABEND HEUTE NEBEL HOCH NEBEL ZWISCHEN RUHIG WETTER ZEIT VORBEI,0.0000,__ON__ LIEB ZUSCHAUER GUT ABEND HEUTE NEBEL HOCH NEBEL ZWISCHEN RUHIG WETTER ZEIT VORBEI,0.0000
01February_2011_Tuesday_heute_default-1,MITTE STURM TIEF KOMMEN LUFT MILD,MITTE STURM TIEF KOMMEN LUFT MILD,0.0000,MITTE STURM TIEF KOMMEN LUFT MILD,0.0000
01February_2011_Tuesday_heute_default-2,REGION MITTE KOENNEN SCHNEE __OFF__,REGION MITTE KOENNEN SCHNEE __OFF__,0.0000,REGION MITTE KOENNEN SCHNEE __OFF__,0.0000
01February_2011_Tuesday_heute_default-4,__ON__ KOMMEN KALT LUFT HEUTE NACHT SUED FROST,__ON__ KOMMEN KALT LUFT HEUTE NACHT SUED FROST,0.0000,__ON__ KOMMEN KALT LUFT HEUTE NACHT SUED FROST,0.0000
01February_2011_Tuesday_heute_default-5,SUEDOST MINUS UEBER MINUS ZEHN DREIZEHN GRAD,SUEDOST MINUS UEBER MINUS ZEHN DREIZEHN GRAD,0.0000,SUEDOST MINUS UEBER MINUS ZEHN DREIZEHN GRAD,0.0000
01February_2011_Tuesday_heute_default-9,OST KOENNEN SCHNEE IX ANFANG REGEN KOENNEN GLATT NORDWEST TROCKEN TRUEB,OST KOENNEN SCHNEE IX ANFANG REGEN KOENNEN GLATT NORDWEST TROCKEN TRUEB,0.0000,OST KOENNEN SCHNEE IX ANFANG REGEN KOENNEN GLATT NORDWEST TROCKEN TRUEB,0.0000
01February_2011_Tuesday_heute_default-10,NORDWEST DANN WIEDER REGEN KOMMEN,NORDWEST DANN WIEDER REGEN KOMMEN,0.0000,NORDWEST DANN WIEDER REGEN KOMMEN,0.0000
01February_2011_Tuesday_heute_default-11,DONNERSTAG KOMMEN KOENNEN DAZU BERG KOENNEN SCHNEE GLATT DANACH MILD STURM IN-KOMMEND __OFF__,DONNERSTAG KOMMEN KOENNEN DAZU BERG KOENNEN SCHNEE GLATT DANACH MILD STURM IN-KOMMEND __OFF__,0.0000,DONNERSTAG KOMMEN KOENNEN DAZU BERG KOENNEN SCHNEE GLATT DANACH MILD STURM IN-KOMMEND __OFF__,0.0000
01February_2011_Tuesday_heute_default-13,WIE-AUSSEHEN SIE KOENNEN MACHEN ANSCHAUEN Z+D+E TEXT ODER KOENNEN INTERNET SIE SCHAUEN JETZT SCHOEN ABEND EUCH __OFF__,WIE-AUSSEHEN SIE KOENNEN MACHEN ANSCHAUEN TEXT ODER KOENNEN INTERNET SIE SCHAUEN JETZT SCHOEN ABEND EUCH __OFF__,0.0588,WIE-AUSSEHEN SIE KOENNEN MACHEN ANSCHAUEN TEXT ODER KOENNEN INTERNET SIE SCHAUEN JETZT SCHOEN ABEND EUCH __OFF__,0.0588
01February_2011_Tuesday_tagesschau_default-0,__ON__ JETZT WETTER WIE-AUSSEHEN MORGEN MITTWOCH ZWEITE FEBRUAR ZEIGEN-BILDSCHIRM __OFF__,__ON__ JETZT WETTER WIE-AUSSEHEN MORGEN MITTWOCH ZWEITE FEBRUAR ZEIGEN-BILDSCHIRM __OFF__,0.0000,__ON__ JETZT WETTER WIE-AUSSEHEN MORGEN MITTWOCH ZWEITE FEBRUAR ZEIGEN-BILDSCHIRM __OFF__,0.0000
01February_2011_Tuesday_tagesschau_default-2,__ON__ TIEF KOMMEN SCHNEE KALT REGEN GLATT,__ON__ TIEF KOMMEN SCHNEE KALT REGEN GLATT,0.0000,__ON__ TIEF KOMMEN SCHNEE KALT REGEN GLATT,0.0000
01February_2011_Tuesday_tagesschau_default-3,DAZU KOMMEN MILD DARUM AB FREITAG SCHNEE NICHT-MEHR SUED IX FREUNDLICH __OFF__,DAZU KOMMEN MILD DARUM AB FREITAG SCHNEE NICHT-MEHR SUED IX FREUNDLICH __OFF__,0.0000,DAZU KOMMEN MILD DARUM AB FREITAG SCHNEE NICHT-MEHR SUED IX FREUNDLICH __OFF__,0.0000
01February_2011_Tuesday_tagesschau_default-5,__ON__ KOMMEN HEUTE NACHT KOMMEN SCHNEE REGEN GLATT KOENNEN GLATT,__ON__ KOMMEN HEUTE NACHT KOMMEN SCHNEE REGEN GLATT KOENNEN GLATT,0.0000,__ON__ KOMMEN HEUTE NACHT KOMMEN SCHNEE REGEN GLATT KOENNEN GLATT,0.0000
01February_2011_Tuesday_tagesschau_default-6,GEFAHR KOENNEN UNWETTER WARNUNG __OFF__,GEFAHR KOENNEN UNWETTER WARNUNG __OFF__,0.0000,GEFAHR KOENNEN UNWETTER WARNUNG __OFF__,0.0000
01February_2011_Tuesday_tagesschau_default-7,__ON__ AUCH MORGEN VIEL WOLKE SPEZIELL OST SUED SCHNEE UND REGEN GLATT NACH MITTAG AUFLOESEN,__ON__ AUCH MORGEN VIEL WOLKE SPEZIELL OST SUED SCHNEE UND REGEN GLATT NACH MITTAG AUFLOESEN,0.0000,__ON__ AUCH MORGEN VIEL WOLKE SPEZIELL OST SUED SCHNEE UND REGEN GLATT NACH MITTAG AUFLOESEN,0.0000
01February_2011_Tuesday_tagesschau_default-8,ABER ABEND KOMMEN REGEN SUED SCHWACH NORD MAESSIG WEHEN KUESTE STURM KOENNEN __OFF__,ABER ABEND KOMMEN REGEN SUED SCHWACH NORD MAESSIG WEHEN KUESTE STURM KOENNEN __OFF__,0.0000,ABER ABEND KOMMEN REGEN SUED SCHWACH NORD MAESSIG WEHEN KUESTE STURM KOENNEN __OFF__,0.0000
01February_2011_Tuesday_tagesschau_default-10,__ON__ OST SUED HEUTE NACHT FROST,__ON__ OST SUED HEUTE NACHT FROST,0.0000,__ON__ OST SUED HEUTE NACHT FROST,0.0000
01February_2011_Tuesday_tagesschau_default-11,NORD EIN GRAD MINUS PLUS,NORD EIN GRAD MINUS PLUS,0.0000,NORD EIN GRAD MINUS PLUS,0.0000
01February_2011_Tuesday_tagesschau_default-12,MORGEN FLUSS MINUS FUENF GRAD FLUSS PLUS FUENF GRAD,MORGEN FLUSS MINUS FUENF GRAD FLUSS PLUS FUENF GRAD,0.0000,MORGEN FLUSS MINUS FUENF GRAD FLUSS PLUS FUENF GRAD,0.0000
01July_2009_Wednesday_tagesschau_default-0,__OFF__ HIER WETTER WIE-AUSSEHEN MORGEN DONNERSTAG ZWEITE JULI __ON__,HIER WETTER WIE-AUSSEHEN MORGEN DONNERSTAG ZWEITE JULI __OFF__,0.2222,__OFF__ HIER WETTER WIE-AUSSEHEN MORGEN DONNERSTAG ZWEITE JULI __OFF__,0.1111
01July_2009_Wednesday_tagesschau_default-2,IM-VERLAUF NACHT TEIL UEBERWIEGEND REGEN GEWITTER IX REGION WIND RUHIG KLAR TEIL AUCH NEBEL,IM-VERLAUF NACHT TEIL UEBERWIEGEND REGEN GEWITTER IX REGION WIND RUHIG KLAR TEIL AUCH NEBEL,0.0000,IM-VERLAUF NACHT TEIL UEBERWIEGEND REGEN GEWITTER IX REGION WIND RUHIG KLAR TEIL AUCH NEBEL,0.0000
01July_2009_Wednesday_tagesschau_default-4,DANN MOEGLICH WEHEN SCHWACH WEHEN HEUTE NACHT WARM VIERZEHN MAXIMAL NEUNZEHN ALPEN ZWOELF,DANN MOEGLICH WEHEN SCHWACH WEHEN HEUTE NACHT WARM VIERZEHN MAXIMAL NEUNZEHN ALPEN ZWOELF,0.0000,DANN MOEGLICH WEHEN SCHWACH WEHEN HEUTE NACHT WARM VIERZEHN MAXIMAL NEUNZEHN ALPEN ZWOELF,0.0000
01July_2009_Wednesday_tagesschau_default-5,WENN IX WEHEN ANGENEHM DREI ZWANZIG GRAD SUEDOST MAXIMAL ZWEIDREISSIG __OFF__,WENN IX WEHEN ANGENEHM DREI ZWANZIG GRAD SUEDOST MAXIMAL ZWEIDREISSIG __OFF__,0.0000,WENN IX WEHEN ANGENEHM DREI ZWANZIG GRAD SUEDOST MAXIMAL ZWEIDREISSIG __OFF__,0.0000
01July_2009_Wednesday_tagesschau_default-6,__ON__ FREITAG DASSELBE SAMSTAG SONNTAG ALLE TIEF SCHAUER NEU WOLKE GEWITTER ICH SONNTAG BISSCHEN KUEHL __OFF__,__ON__ FREITAG DASSELBE SAMSTAG SONNTAG ALLE TIEF SCHAUER NEU WOLKE GEWITTER ICH SONNTAG BISSCHEN KUEHL __OFF__,0.0000,__ON__ FREITAG DASSELBE SAMSTAG SONNTAG ALLE TIEF SCHAUER NEU WOLKE GEWITTER ICH SONNTAG BISSCHEN KUEHL __OFF__,0.0000
01July_2010_Thursday_tagesschau_default-0,__ON__ JETZT WETTER MORGEN FREITAG ZWEITE JULI WIE-AUSSEHEN ZEIGEN-BILDSCHIRM __OFF__,__ON__ JETZT WETTER MORGEN FREITAG ZWEITE JULI WIE-AUSSEHEN ZEIGEN-BILDSCHIRM __OFF__,0.0000,__ON__ JETZT WETTER MORGEN FREITAG ZWEITE JULI WIE-AUSSEHEN ZEIGEN-BILDSCHIRM __OFF__,0.0000
01July_2010_Thursday_tagesschau_default-2,__ON__ WEST HOCH KOMMEN HEISS LUFT KOMMEN SAMSTAG UNGEFAEHR SECHS DREISSIG,__ON__ WEST HOCH KOMMEN HEISS LUFT KOMMEN SAMSTAG UNGEFAEHR SECHS DREISSIG,0.0000,__ON__ WEST HOCH KOMMEN HEISS LUFT KOMMEN SAMSTAG UNGEFAEHR SECHS DREISSIG,0.0000
01July_2010_Thursday_tagesschau_default-3,GRAD HOCH KOMMEN DANN KOENNEN GEWITTER STURM REGEN KOENNEN __ON__,GRAD HOCH KOMMEN DANN KOENNEN GEWITTER STURM REGEN KOENNEN __OFF__,0.1000,GRAD HOCH KOMMEN DANN KOENNEN GEWITTER STURM REGEN KOENNEN __OFF__,0.1000
01July_2010_Thursday_tagesschau_default-5,__ON__ REGEN SCHON VORBEI DANN TROCKEN KLAR STERN KOENNEN SEHEN ODER LOCKER WOLKE,__ON__ REGEN SCHON VORBEI DANN TROCKEN KLAR STERN KOENNEN SEHEN ODER LOCKER WOLKE,0.0000,__ON__ REGEN SCHON VORBEI DANN TROCKEN KLAR STERN KOENNEN SEHEN ODER LOCKER WOLKE,0.0000
01July_2010_Thursday_tagesschau_default-6,TAG VIEL SONNE IX WOLKE SCHWARZ WALD ALPEN KOENNEN GEWITTER GRUND HEISS __OFF__,TAG VIEL SONNE IX WOLKE SCHWARZ WALD ALPEN KOENNEN GEWITTER GRUND HEISS __OFF__,0.0000,TAG VIEL SONNE IX WOLKE SCHWARZ WALD ALPEN KOENNEN GEWITTER GRUND HEISS __OFF__,0.0000
01July_2010_Thursday_tagesschau_default-8,__ON__ NORD WIND SCHWACH SUEDOST SCHWACH __ON__,__ON__ NORD WIND SCHWACH SUEDOST SCHWACH,0.1429,__ON__ NORD WIND SCHWACH SUEDOST SCHWACH,0.1429
01July_2010_Thursday_tagesschau_default-10,__ON__ NACHT NEUNZEHN BIS ZWOELF GRAD TAG SECHS ZWANZIG NORD BIS FUENF DREISSIG FLUSS __OFF__,__ON__ NACHT NEUNZEHN BIS ZWOELF GRAD TAG SECHS ZWANZIG NORD BIS FUENF DREISSIG FLUSS __OFF__,0.0000,__ON__ NACHT NEUNZEHN BIS ZWOELF GRAD TAG SECHS ZWANZIG NORD BIS FUENF DREISSIG FLUSS __OFF__,0.0000
01July_2010_Thursday_tagesschau_default-12,SAMSTAG SONNE AB NACH MITTAG WEST KOENNEN REGEN GEWITTER WIE IX REGEN KOENNEN __OFF__,__ON__ SAMSTAG SONNE AB NACH MITTAG WEST KOENNEN REGEN GEWITTER WIE IX REGEN KOENNEN __OFF__,0.0714,SAMSTAG SONNE AB NACH MITTAG WEST KOENNEN REGEN GEWITTER WIE IX REGEN KOENNEN __OFF__,0.0000
01July_2010_Thursday_tagesschau_default-15,MONTAG SONNE WOLKE WECHSELHAFT KOENNEN GEWITTER __OFF__,MONTAG SONNE WOLKE WECHSELHAFT KOENNEN GEWITTER __OFF__,0.0000,MONTAG SONNE WOLKE WECHSELHAFT KOENNEN GEWITTER __OFF__,0.0000
01July_2011_Friday_tagesschau_default-0,__ON__ JETZT WETTER WIE-AUSSEHEN MORGEN SAMSTAG ZWEITE JULI __OFF__,__ON__ JETZT WETTER WIE-AUSSEHEN MORGEN SAMSTAG ZWEITE JULI __OFF__,0.0000,__ON__ JETZT WETTER WIE-AUSSEHEN MORGEN SAMSTAG ZWEITE JULI __OFF__,0.0000
01July_2011_Friday_tagesschau_default-2,__ON__ TIEF KOMMEN BEDEUTEN MITTE EUROPA BEI-UNS EINFLUSS NORD WEHEN KUEHL,__ON__ TIEF KOMMEN BEDEUTEN MITTE EUROPA BEI-UNS EINFLUSS NORD WEHEN KUEHL,0.0000,__ON__ TIEF KOMMEN BEDEUTEN MITTE EUROPA BEI-UNS EINFLUSS NORD WEHEN KUEHL,0.0000
01July_2011_Friday_tagesschau_default-3,TIEF VORBEI REGEN KOMMEN IX SONNTAG MEHR WARM,TIEF VORBEI REGEN KOMMEN IX SONNTAG MEHR WARM,0.0000,TIEF VORBEI REGEN KOMMEN IX SONNTAG MEHR WARM,0.0000
01July_2011_Friday_tagesschau_default-4,NACHT BISSCHEN SCHAUER GEWITTER ABER SPAETER AUFLOESEN,NACHT BISSCHEN SCHAUER GEWITTER ABER SPAETER AUFLOESEN,0.0000,NACHT BISSCHEN SCHAUER GEWITTER ABER SPAETER AUFLOESEN,0.0000
01July_2011_Friday_tagesschau_default-5,NORDOST WOLKE IX REGEN NORD KUESTE LANG REGEN,NORDOST WOLKE IX REGEN NORD KUESTE LANG REGEN,0.0000,NORDOST WOLKE IX REGEN NORD KUESTE LANG REGEN,0.0000
01July_2011_Friday_tagesschau_default-7,WIND MAESSIG WEHEN MEER REGION STURM MOEGLICH,WIND MAESSIG WEHEN MEER REGION STURM MOEGLICH,0.0000,WIND MAESSIG WEHEN MEER REGION STURM MOEGLICH,0.0000
01July_2011_Friday_tagesschau_default-10,NORD BISSCHEN GEWITTER MEISTENS FREUNDLICH SUEDWEST MONTAG NORDOST VIEL WOLKE REGEN GEWITTER,NORD BISSCHEN GEWITTER MEISTENS FREUNDLICH SUEDWEST MONTAG NORDOST VIEL WOLKE REGEN GEWITTER,0.0000,NORD BISSCHEN GEWITTER MEISTENS FREUNDLICH SUEDWEST MONTAG NORDOST VIEL WOLKE REGEN GEWITTER,0.0000
01July_2011_Friday_tagesschau_default-11,SUEDWEST MEHR FREUNDLICH DIENSTAG SONNE WOLKE SCHAUER GEWITTER GEMISCHT __OFF__,SUEDWEST MEHR FREUNDLICH DIENSTAG SONNE WOLKE SCHAUER GEWITTER GEMISCHT __OFF__,0.0000,SUEDWEST MEHR FREUNDLICH DIENSTAG SONNE WOLKE SCHAUER GEWITTER GEMISCHT __OFF__,0.0000
01June_2010_Tuesday_heute_default-3,__ON__ OST DEUTSCH LAND NOCH CHAOS TIEF KOMMEN BIS SPAETESTEN DONNERSTAG BLEIBEN REGEN,__ON__ OST DEUTSCH LAND NOCH CHAOS TIEF KOMMEN BIS SPAETESTEN DONNERSTAG BLEIBEN REGEN,0.0000,__ON__ OST DEUTSCH LAND NOCH CHAOS TIEF KOMMEN BIS SPAETESTEN DONNERSTAG BLEIBEN REGEN,0.0000
01June_2010_Tuesday_heute_default-4,HEUTE NACHT REGION REGEN SUED WEST BISSCHEN REGEN NORDWEST KLAR STERN KOENNEN SEHEN,HEUTE NACHT REGION REGEN SUED WEST BISSCHEN REGEN NORDWEST KLAR STERN KOENNEN SEHEN,0.0000,HEUTE NACHT REGION REGEN SUED WEST BISSCHEN REGEN NORDWEST KLAR STERN KOENNEN SEHEN,0.0000
01June_2010_Tuesday_heute_default-5,MORGEN WEITER REGEN REGION BISSCHEN VERAENDERN NORD,MORGEN WEITER REGEN REGION BISSCHEN VERAENDERN NORD,0.0000,MORGEN WEITER REGEN REGION BISSCHEN VERAENDERN NORD,0.0000
01June_2010_Tuesday_heute_default-6,OST SEE MEHR TROCKEN REGION REGEN ALPEN __OFF__,OST SEE MEHR TROCKEN REGION REGEN ALPEN __OFF__,0.0000,OST SEE MEHR TROCKEN REGION REGEN ALPEN __OFF__,0.0000
01June_2010_Tuesday_heute_default-8,__ON__ AUCH STURM GEFAHR SUEDWEST BISSCHEN SCHAUER NORDWEST FREUNDLICH SONNE __OFF__,__ON__ AUCH STURM GEFAHR SUEDWEST BISSCHEN SCHAUER NORDWEST FREUNDLICH SONNE __OFF__,0.0000,__ON__ AUCH STURM GEFAHR SUEDWEST BISSCHEN SCHAUER NORDWEST FREUNDLICH SONNE __OFF__,0.0000
01June_2010_Tuesday_heute_default-10,__ON__ DONNERSTAG SUED DANN WECHSELHAFT AB FREITAG REGION BESSER __OFF__,__ON__ DONNERSTAG SUED DANN WECHSELHAFT AB FREITAG REGION BESSER __OFF__,0.0000,__ON__ DONNERSTAG SUED DANN WECHSELHAFT AB FREITAG REGION BESSER __OFF__,0.0000
01June_2010_Tuesday_heute_default-12,__ON__ SONNE WARM ENDLICH WIRKLICH SOMMER KOMMEN SCHOEN ABEND TSCHUESS __OFF__,__ON__ SONNE WARM ENDLICH WIRKLICH SOMMER KOMMEN SCHOEN ABEND TSCHUESS __OFF__,0.0000,__ON__ SONNE WARM ENDLICH WIRKLICH SOMMER KOMMEN SCHOEN ABEND TSCHUESS __OFF__,0.0000
01June_2010_Tuesday_tagesschau_default-2,__ON__ MITTE EUROPA TIEF KOMMEN REGEN BESONDERS DEUTSCH LAND SUED OST BIS-JETZT DONNERSTAG KOENNEN REGEN ENORM __OFF__,__ON__ MITTE EUROPA TIEF KOMMEN REGEN BESONDERS DEUTSCH LAND SUED OST BIS-JETZT DONNERSTAG KOENNEN REGEN ENORM __OFF__,0.0000,__ON__ MITTE EUROPA TIEF KOMMEN REGEN BESONDERS DEUTSCH LAND SUED OST BIS-JETZT DONNERSTAG KOENNEN REGEN ENORM __OFF__,0.0000
01June_2010_Tuesday_tagesschau_default-4,__ON__ GLEICH ZEIT WEST KOMMEN HOCH KOMMEN __OFF__,__ON__ GLEICH ZEIT WEST KOMMEN HOCH KOMMEN __OFF__,0.0000,__ON__ GLEICH ZEIT WEST KOMMEN HOCH KOMMEN __OFF__,0.0000
01June_2010_Tuesday_tagesschau_default-6,__ON__ TAG SUEDOST REGEN KLAR REGEN DANN HERZ MEHR KOMMEN KOENNEN __OFF__,__ON__ TAG SUEDOST REGEN KLAR REGEN DANN HERZ MEHR KOMMEN KOENNEN __OFF__,0.0000,__ON__ TAG SUEDOST REGEN KLAR REGEN DANN HERZ MEHR KOMMEN KOENNEN __OFF__,0.0000
01June_2010_Tuesday_tagesschau_default-12,__ON__ TAG ZWEIZWANZIG REGION ZEHN ACHT REGEN __OFF__,__ON__ TAG ZWEIZWANZIG REGION ZEHN ACHT REGEN __OFF__,0.0000,__ON__ TAG ZWEIZWANZIG REGION ZEHN ACHT REGEN __OFF__,0.0000
