current_word,next_word,count
HEUTE,NACHT,58
__ON__,JETZT,32
__ON__,HEUTE,31
WETTER,WIE-AUSSEHEN,30
__ON__,MORGEN,27
GRAD,__OFF__,24
ZWANZIG,GRAD,23
SCHNEE,SCHNEIEN,22
SONST,REGION,21
BISSCHEN,REGEN,19
DEUTSCH,LAND,19
SONNE,WOLKE,19
JETZT,WETTER,19
__OFF__,__ON__,18
WIE-AUSSEHEN,MORGEN,16
SCHAUER,GEWITTER,16
MORGEN,WETTER,15
REGION,REGEN,15
GRAD,REGION,15
__ON__,WIND,14
REGEN,KOMMEN,14
SCHWACH,MAESSIG,14
WIND,SCHWACH,14
KOENNEN,__OFF__,14
VIEL,SONNE,13
WETTER,MORGEN,13
REGION,__OFF__,13
NACH,MITTAG,13
REGEN,GEWITTER,13
SUED,REGION,12
__ON__,NORD,12
REGEN,SCHNEE,12
SONNE,__OFF__,11
REGION,SONNE,11
KOMMEN,__OFF__,11
SCHNEE,REGEN,11
__ON__,SUED,11
MEHR,FREUNDLICH,11
GEWITTER,__OFF__,11
GUT,ABEND,11
TIEF,KOMMEN,10
REGION,KOMMEN,10
SCHOEN,ABEND,10
REGEN,KOENNEN,10
MEHR,WOLKE,9
FREUNDLICH,__OFF__,9
OST,REGION,9
__ON__,WEST,9
MAESSIG,WEHEN,9
WOLKE,__OFF__,9
GEWITTER,KOENNEN,9
REGION,IX,9
HOCH,DRUCK,9
NORD,WIND,8
FUENF,ZWANZIG,8
NORD,REGEN,8
WIND,WEHEN,8
KOMMEN,DANN,8
IX,WEHEN,8
DANN,REGEN,8
HEUTE,ABEND,8
REGEN,IX,8
__ON__,REGION,8
WEST,KOMMEN,8
REGEN,__OFF__,8
WOLKE,SONNE,8
KOMMEN,REGEN,8
__ON__,DEUTSCH,8
IX,AUCH,8
WEHEN,__OFF__,7
IX,REGION,7
OKTOBER,__OFF__,7
WEHEN,NORD,7
WEST,REGION,7
__ON__,TAG,7
IX,REGEN,7
__ON__,WETTER,7
GRAD,NORD,7
REGEN,REGION,7
VIEL,WOLKE,7
NORD,SEE,7
MITTE,BERG,7
LIEB,ZUSCHAUER,7
DABEI,__OFF__,7
KLAR,HIMMEL,7
KOENNEN,SEHEN,7
MORGEN,SAMSTAG,7
MORGEN,IX,7
OST,SUED,6
SAMSTAG,SONNTAG,6
WETTER,__OFF__,6
ABEND,LIEB,6
REGEN,SUED,6
JETZT,MORGEN,6
REGION,FREUNDLICH,6
WEHEN,SCHWACH,6
NORD,REGION,6
__ON__,SAMSTAG,6
WETTER,DIENST,6
JANUAR,__OFF__,6
__ON__,OST,6
SIEBZEHN,GRAD,6
STERN,KOENNEN,6
REGION,WOLKE,6
__ON__,GUT,6
SECHS,ZWANZIG,6
IX,MORGEN,6
JETZT,WIE-AUSSEHEN,6
REGEN,SONST,6
IX,__OFF__,6
BESONDERS,NORD,6
ZEHN,GRAD,6
WIE-AUSSEHEN,WETTER,6
REGEN,NORD,6
MOEGLICH,GEWITTER,6
WOLKE,MEHR,6
IX,SCHNEE,6
ZWEIZWANZIG,GRAD,6
BISSCHEN,WOLKE,6
BISSCHEN,SCHAUER,6
NEBEL,__OFF__,6
IX,KOENNEN,5
KOMMEN,BISSCHEN,5
FREUNDLICH,SONNE,5
__ON__,SONNTAG,5
BERG,REGION,5
MOEGLICH,__OFF__,5
WIND,ZEIGEN-BILDSCHIRM,5
MOEGLICH,REGEN,5
DREISSIG,GRAD,5
WOLKE,ODER,5
MORGEN,FRUEH,5
SECHSZEHN,GRAD,5
WOLKE,WECHSELHAFT,5
BERG,IX,5
IX,SCHAUER,5
MORGEN,DONNERSTAG,5
AUCH,SONNE,5
ZWOELF,GRAD,5
DEZEMBER,__OFF__,5
WOLKE,REGEN,5
WOLKE,KOMMEN,5
BAYERN,REGION,5
NORD,HEUTE,5
ELF,GRAD,5
NEBEL,WOLKE,5
NOVEMBER,__OFF__,5
KOMMEN,NORD,5
SCHNEE,KOENNEN,5
MITTE,REGION,5
MEHR,TROCKEN,5
MORGEN,MITTWOCH,5
FROST,__OFF__,5
DEUTSCH,WETTER,5
__ON__,FREITAG,5
ZEIGEN-BILDSCHIRM,__OFF__,5
MEHR,KUEHL,5
STURM,KOENNEN,5
SCHWACH,__OFF__,5
FUENF,GRAD,5
SIEBEN,ZWANZIG,5
WETTER,WECHSELHAFT,5
NORDWEST,REGEN,5
GRAD,FLUSS,5
WEHEN,IX,5
DREI,ZWANZIG,5
MORGEN,MONTAG,5
SUED,WIND,5
DRUCK,KOMMEN,5
__ON__,IX,5
__ON__,MITTWOCH,5
WOLKE,ABER,4
ZWEI,GRAD,4
ORT,REGEN,4
ZUSCHAUER,BEGRUESSEN,4
NORDOST,WOLKE,4
KUEHL,__OFF__,4
WENIG,__OFF__,4
MEISTENS,REGEN,4
VIERZEHN,GRAD,4
WIE-AUSSEHEN,IN-KOMMEND,4
HOCH,NEBEL,4
KOENNEN,GEWITTER,4
EIN,GRAD,4
WIND,MAESSIG,4
VIER,ZWANZIG,4
VIER,GRAD,4
NORD,WEHEN,4
ACHT,GRAD,4
BISSCHEN,KUEHL,4
SCHWACH,WEHEN,4
WIE-AUSSEHEN,FREITAG,4
DONNERSTAG,BESONDERS,4
NORD,STURM,4
MEISTENS,WOLKE,4
BISSCHEN,GEWITTER,4
SIEBEN,GRAD,4
SECHS,GRAD,4
REGEN,OST,4
REGION,HOCH,4
NOCH,REGEN,4
REGION,TROCKEN,4
SECHS,BIS,4
__ON__,NORDWEST,4
__ON__,WOCHENENDE,4
REGION,SCHAUER,4
ORKAN,MOEGLICH,4
MILD,__OFF__,4
MEHR,MILD,4
TIEF,DRUCK,4
REGION,KLAR,4
__ON__,DANN,4
__ON__,REGEN,4
MINUS,ZWEI,4
SUED,AUCH,4
GEWITTER,REGION,4
KOMMEN,MEHR,4
AUCH,REGEN,4
AUCH,DABEI,4
MINUS,SIEBEN,4
MEHR,WARM,4
MINUS,FUENF,4
REGEN,MOEGLICH,4
WOLKE,SCHAUER,4
ACHTZEHN,GRAD,4
FUENFZEHN,GRAD,4
NORDWEST,WOLKE,4
REGEN,AUCH,4
TROCKEN,__OFF__,4
SUED,FREUNDLICH,4
ACHT,ZWANZIG,4
MORGEN,NORD,4
BESONDERS,REGION,4
SCHWER,STURM,4
WECHSELHAFT,__OFF__,4
EINS,ZWANZIG,4
SONNE,ABER,4
ZWANZIG,BIS,4
LAND,KOMMEN,4
ZWANZIG,NOVEMBER,4
MORGEN,SONNTAG,4
NACHT,NORD,4
STARK,WIND,4
SCHWACH,NORD,4
ZWANZIG,JANUAR,4
NACHT,BESONDERS,4
STURM,BERG,4
SONNE,DABEI,4
NORD,BISSCHEN,3
SUEDOST,REGEN,3
ABEND,EUCH,3
FLUSS,IX,3
VORAUS,INFORMIEREN,3
ABEND,MITTEILEN,3
VOR,MITTAG,3
GEWITTER,KOMMEN,3
ODER,NEBEL,3
SUED,MEHR,3
MINUS,EINS,3
NACHT,KOMMEN,3
WEST,NORDWEST,3
NORD,WOLKE,3
SUEDOST,REGION,3
SCHAUER,IX,3
SONST,REGEN,3
HEUTE,WETTER,3
NACHT,IX,3
SUED,ANFANG,3
MORGEN,SUEDOST,3
WEST,FREUNDLICH,3
KOMMEN,IX,3
SCHAUER,__OFF__,3
TEIL,NEBEL,3
NORD,WEST,3
BERG,SCHNEE,3
REGEN,WECHSELHAFT,3
UEBERWIEGEND,REGEN,3
WOLKE,BISSCHEN,3
REGEN,STURM,3
KLAR,STERN,3
MORGEN,OST,3
WOLKE,BESONDERS,3
MORGEN,LANG,3
REGEN,ODER,3
BLEIBEN,__OFF__,3
HAUPTSAECHLICH,SONNE,3
AUCH,WARM,3
SUED,BISSCHEN,3
GEWITTER,SUEDOST,3
WOLKE,KOENNEN,3
BLEIBEN,SO,3
WENN,NEBEL,3
VIEL,REGEN,3
NEBEL,HOCH,3
MORGEN,TEMPERATUR,3
NOCH,SCHNEE,3
NAECHSTE,WOCHE,3
TEIL,REGEN,3
MORGEN,FREITAG,3
WIND,KOMMEN,3
SUED,REGEN,3
INFORMIEREN,MORGEN,3
__ON__,LIEB,3
NACHT,VIERZEHN,3
WETTER,VORAUS,3
IN-KOMMEND,DANN,3
BIS,ACHT,3
BIS,MINUS,3
SONNE,SONST,3
__ON__,DONNERSTAG,3
GRAD,SUED,3
NACHT,ACHT,3
OST,SUEDOST,3
SONNE,BISSCHEN,3
SONNE,REGION,3
NORDWEST,VERSCHWINDEN,3
OST,SONNE,3
NORDWEST,WIND,3
OST,REGEN,3
__ON__,NACHT,3
STERN,SEHEN,3
WARNUNG,UNWETTER,3
HIMMEL,__OFF__,3
GRAD,MORGEN,3
NACHT,MEHR,3
WIE,HEUTE,3
STARK,WOLKE,3
FROST,MOEGLICH,3
APRIL,__OFF__,3
MORGEN,DIENSTAG,3
GRAD,IX,3
KURZ,GEWITTER,3
DANN,WOLKE,3
KOMMEN,MORGEN,3
IN-KOMMEND,__OFF__,3
SUED,SCHAUER,3
FUENF,DREISSIG,3
MEHR,REGEN,3
WEST,MEHR,3
WOLKE,REGION,3
HIER,NACHT,3
MEHR,WENIG,3
WARM,KOMMEN,3
__ON__,DIENSTAG,3
MORGEN,REGION,3
SEPTEMBER,__OFF__,3
NEUN,GRAD,3
FRISCH,STARK,3
__ON__,TIEF,3
FRISCH,WIND,3
__ON__,SCHOTTLAND,3
DANN,FREITAG,3
TAG,AUCH,3
MORGEN,BISSCHEN,3
BIS,ZWANZIG,3
NUR,BISSCHEN,3
SONNE,GUT,3
DANN,MORGEN,3
SONNE,WEST,3
REST,REGION,3
MAERZ,__OFF__,3
SONNE,DA,3
__ON__,AUCH,3
BIS,FUENF,3
__ON__,IN-KOMMEND,3
REGEN,HEUTE,3
REGION,BIS,3
WECHSELHAFT,MOEGLICH,3
BISSCHEN,WEHEN,3
ANFANG,REGEN,3
SCHON,WARNUNG,3
ABER,REGION,3
STURM,__OFF__,3
REGION,VIEL,3
REGION,SONST,3
REGION,NORD,3
AUCH,GEWITTER,3
IX,SONNE,3
MAL,SCHAUER,3
REGION,ZWEI,3
AEHNLICH,WETTER,3
FREITAG,SONNE,3
IX,SONST,3
PLUS,VIER,3
IX,KOMMEN,3
NORDOST,IX,3
FREITAG,MEHR,3
KOENNEN,SCHNEE,3
TEMPERATUR,STEIGEN,3
REGION,TIEF,3
SAUER,LAND,3
REGION,MOEGLICH,3
NORD,MEHR,3
JULI,__OFF__,3
SONNTAG,NORD,3
KOENNEN,REGEN,3
FEBRUAR,__OFF__,3
MOEGLICH,SCHNEE,3
ABER,BLEIBEN,3
REGION,SUEDOST,3
BODEN,FROST,3
WECHSELHAFT,SCHAUER,3
FREUNDLICH,TROCKEN,3
STURM,WEHEN,3
KOENNEN,IX,3
BESONDERS,OST,3
BISSCHEN,SONNE,3
KALT,LUFT,3
NORD,STARK,3
DONNERSTAG,FREITAG,3
REGION,MORGEN,3
REGION,FROST,3
BISSCHEN,MEHR,3
IX,MAXIMAL,3
MOEGLICH,BISSCHEN,3
WIND,NORD,3
IX,WEST,3
NEBEL,AUCH,3
REGEN,NORDWEST,3
ZWANZIG,AUGUST,3
NORD,KOMMEN,3
BISSCHEN,SCHNEE,3
REGEN,MEHR,3
IX,WOLKE,3
REGEN,BERG,3
TROCKEN,WIND,2
STARK,GEWITTER,2
NEUN,ZWANZIG,2
DIENSTAG,SUED,2
LANG,SONNE,2
ABER,REGEN,2
LANG,BLEIBEN,2
WAHRSCHEINLICH,REGEN,2
REGION,ANFANG,2
GUT,__OFF__,2
FUENF,NORD,2
REGION,BESONDERS,2
IN-KOMMEND,DONNERSTAG,2
BIS,SECHS,2
TEMPERATUR,SINKEN,2
ODER,SCHNEE,2
BIS,REGION,2
BIS,VIERZEHN,2
ABER,WEST,2
REGION,MILD,2
NACHT,FUENF,2
RUSSLAND,IX,2
NACHT,STURM,2
ZUSCHAUER,GUT,2
KALT,__OFF__,2
BIS,ACHTZEHN,2
BEGRUESSEN,__OFF__,2
NACHT,REGEN,2
REGION,WECHSELHAFT,2
TROCKEN,REGION,2
IN-KOMMEND,REGEN,2
NEBEL,AUFLOESEN,2
MORGEN,KOENNEN,2
WOLKE,TEIL,2
SUEDWEST,REGEN,2
KOMMEN,MILD,2
NICHT-HABEN,MILD,2
KUEHL,KOMMEN,2
SUEDWEST,BISSCHEN,2
NICHT-HABEN,NICHT-HABEN,2
KUEHL,WEHEN,2
KOMMEN,TIEF,2
MORGEN,HOCH,2
NACHT,SUED,2
HOCH,KOMMEN,2
REGION,HEUTE,2
STURM,ORKAN,2
HAGEL,STURM,2
BERG,STURM,2
MEER,KOMMEN,2
MIT,FROST,2
REGION,WETTER,2
STARK,WEHEN,2
REGION,DREIZEHN,2
MORGEN,__OFF__,2
GRAD,DANN,2
SCHNEIEN,UND,2
FROST,BODEN,2
MORGEN,WOLKE,2
MONTAG,ANFANG,2
GRAD,OST,2
REGION,VERSCHWINDEN,2
MEISTENS,SONNE,2
KUEHL,AUCH,2
BIS,VIER,2
TROCKEN,SONNE,2
BIS,SIEBEN,2
MORGEN,WIE-AUSSEHEN,2
DARUM,KOMMEN,2
REGION,ZWOELF,2
BIS,SIEBZEHN,2
OST,NUR,2
REGION,OST,2
DIENSTAG,WECHSELHAFT,2
DIENSTAG,HAUPTSAECHLICH,2
WAHRSCHEINLICH,SCHAUER,2
ABER,WOLKE,2
OST,EUROPA,2
OST,MEHR,2
BIS,DREIZEHN,2
REGION,SECHS,2
OST,MINUS,2
BIS,DREI,2
BIS,NEUN,2
OST,KOENNEN,2
BIS,L,2
NACHT,NOCH,2
OST,SCHNEE,2
REGION,ZWEIZWANZIG,2
MEISTENS,FREUNDLICH,2
REGION,FRISCH,2
KUEHL,FUENFZEHN,2
AUFLOESEN,SONNE,2
WARM,KALT,2
MEHR,REGION,2
LUFT,MILD,2
NORD,DANN,2
KLAR,__OFF__,2
MISCHUNG,NEBEL,2
NORD,MEISTENS,2
SUED,BERG,2
WOLKE,KLAR,2
LUFT,KOMMEN,2
LUFT,DRUCK,2
LUFT,BLEIBEN,2
NORD,MINUS,2
FREITAG,SUEDWEST,2
NORD,DEUTSCH,2
SACHSEN,IX,2
BLEIBEN,TROCKEN,2
ABER,ENORM,2
KOENNEN,GLATT,2
REGION,STERN,2
LANG,__OFF__,2
NORD,OST,2
NORD,MAESSIG,2
ABEND,SUED,2
SUED,OST,2
ABEND,TSCHUESS,2
U,IX,2
KOENNEN,NEBEL,2
ABEND,__OFF__,2
DA,__OFF__,2
UND,STURM,2
MORGEN,MEISTENS,2
WOLKE,SONST,2
WOLKE,NORD,2
MITTE,SUED,2
KLAR,LOCKER,2
NORD,AUCH,2
KLAR,KOMMEN,2
MORGEN,SONNE,2
WOLKE,BEWOELKT,2
BERG,SCHWER,2
WOLKE,HIMMEL,2
DABEI,FREITAG,2
BLEIBEN,BIS,2
WOLKE,VERSCHWINDEN,2
WOLKE,HAUPTSAECHLICH,2
NORD,KOENNEN,2
MITTE,EUROPA,2
MORGEN,SIEBEN,2
WOLKE,NEBEL,2
WOLKE,AUFLOESEN,2
NACHT,ZWOELF,2
NEBEL,IX,2
NORD,MEER,2
BLEIBEN,WARM,2
BLEIBEN,KALT,2
REGION,ZEHN,2
WOLKE,IX,2
MITTE,MEER,2
ABEND,NOCH,2
MORGEN,UEBERWIEGEND,2
NEUN,BIS,2
SUED,BAYERN,2
REGION,ORT,2
SUED,WAHRSCHEINLICH,2
UND,SUED,2
NACHT,KLAR,2
LANG,REGEN,2
DAZU,REGEN,2
NACHT,OST,2
DAZU,WIND,2
SUED,IX,2
NACHT,KOENNEN,2
ENORM,WARM,2
REGION,ABER,2
MEHR,KLAR,2
FLUSS,NUR,2
MILD,KOMMEN,2
MEHR,KOMMEN,2
KLAR,MORGEN,2
NACHT,WEST,2
DREIZEHN,ZWISCHEN,2
WARM,FEUCHT,2
KOENNEN,REGION,2
NACHT,HIMMEL,2
VERSCHIEDEN,WEHEN,2
WARM,__OFF__,2
MEHR,WIND,2
WAHRSCHEINLICH,WOLKE,2
REGION,MINUS,2
STURM,KOMMEN,2
SUED,NORD,2
SUED,MORGEN,2
KOENNEN,BLEIBEN,2
NEBEL,LANG,2
SCHOEN,MEHR,2
MITTAG,REGEN,2
SUED,HABEN,2
MISCHUNG,SONNE,2
NORD,FREUNDLICH,2
NORD,NORDOST,2
NORD,MITTE,2
MITTAG,KOENNEN,2
FLUSS,REGION,2
KOENNEN,SUEDWEST,2
MILD,FUENFZEHN,2
UND,REGEN,2
KOENNEN,SONNE,2
MILD,VIEL,2
MORGEN,GEWITTER,2
VERSCHWINDEN,NORD,2
MORGEN,VOR,2
FLUSS,BIS,2
FLUSS,__OFF__,2
MILD,LUFT,2
MEHR,SONNE,2
NACHT,MINUS,2
KOENNEN,STARK,2
WOCHENENDE,VIEL,2
SUED,SUEDOST,2
WIND,BERG,2
MONTAG,WECHSELHAFT,2
IX,NORDOST,2
BAYERN,IX,2
TAGSUEBER,DANN,2
L,REGION,2
L,IX,2
EINS,GRAD,2
REGEN,GEFRIEREN,2
REGEN,KUEHL,2
WENN,BERG,2
SAMSTAG,ZWOELF,2
DONNERSTAG,__OFF__,2
AUCH,HABEN,2
HAUPTSAECHLICH,REGEN,2
AUCH,FRISCH,2
HAUPTSAECHLICH,NORDWEST,2
TEILWEISE,REGEN,2
AUCH,WOLKE,2
REGEN,VERSCHWINDEN,2
REGEN,DABEI,2
RUHIG,WETTER,2
ZWANZIG,JUNI,2
REGEN,GLATT,2
FUENFZEHN,OKTOBER,2
REGEN,MORGEN,2
WIND,STARK,2
AUCH,DONNERSTAG,2
REGEN,HAGEL,2
REGEN,MIT,2
REGEN,WENIG,2
ZWANZIG,OKTOBER,2
REGEN,NACH,2
SAMSTAG,EINS,2
BAYERN,WALD,2
UEBERWIEGEND,GEWITTER,2
REGEN,WEST,2
AUCH,IX,2
AUCH,BISSCHEN,2
SONST,WECHSELHAFT,2
GEWITTER,DEUTSCH,2
NEU,SCHNEE,2
DREISSIG,MAERZ,2
MITTEILEN,__OFF__,2
GEWITTER,REGEN,2
NEU,REGEN,2
KOMMEN,KALT,2
GEWITTER,AUCH,2
SONST,SONNE,2
MAESSIG,FRISCH,2
SONST,VIEL,2
BRAND,BURG,2
SONNE,SUED,2
SONNE,LANG,2
GRAD,BAYERN,2
GEWITTER,UND,2
AUCH,TEILWEISE,2
AUCH,SAMSTAG,2
MINUS,VIER,2
AUCH,SCHNEE,2
SPAET,SOMMER,2
TSCHUESS,__OFF__,2
TEIL,GEWITTER,2
TEIL,REGION,2
WIND,IX,2
MANCHMAL,WOLKE,2
TEIL,AUCH,2
TEIL,WIND,2
AUCH,MEHR,2
GEWITTER,NORD,2
WEST,OST,2
GEWITTER,STARK,2
FUENFZEHN,FLUSS,2
WIND,NORDWEST,2
KOMMEN,BIS,2
ZWANZIG,REGION,2
NORDOST,HEUTE,2
MOEGLICH,NEBEL,2
MAXIMAL,FUENFZEHN,2
IX,DREISSIG,2
NORDOST,BIS,2
ANFANG,SCHNEE,2
DONNERSTAG,DRITTE,2
AUCH,SUED,2
DONNERSTAG,WECHSELHAFT,2
AUCH,STURM,2
DONNERSTAG,IX,2
WIE-IMMER,WIE-IMMER,2
IX,ANFANG,2
WIND,__OFF__,2
WECHSELHAFT,DANN,2
IX,MOEGLICH,2
FREUNDLICH,NORD,2
SCHWACH,UNTERSCHIED,2
FREUNDLICH,NAECHSTE,2
LAND,MORGEN,2
BESONDERS,SUEDOST,2
BADEN,WUERTTEMBERG,2
WIND,KOENNEN,2
IX,MEHR,2
IX,NEBEL,2
FREUNDLICH,IX,2
FREUNDLICH,REGION,2
BESONDERS,KUESTE,2
FREUNDLICH,SONST,2
WIND,REGION,2
MAXIMAL,NEUN,2
WECHSELHAFT,WOLKE,2
MOEGLICH,IX,2
UNWETTER,KOENNEN,2
DONNERSTAG,NORD,2
BISSCHEN,ORT,2
LAND,__OFF__,2
SONNTAG,NAECHSTE,2
FUENFZEHN,BIS,2
WECHSELHAFT,SONNE,2
BODEN,__OFF__,2
IX,BISSCHEN,2
IX,MEISTENS,2
IX,NORDWEST,2
WECHSELHAFT,NORDWEST,2
IX,GEWITTER,2
VOGEL,LAND,2
DREIHUNDERT,METER,2
WIND,HEUTE,2
IX,STARK,2
WECHSELHAFT,MAL,2
SONNTAG,WIEDER,2
WECHSELHAFT,BISSCHEN,2
SPAETER,IX,2
IX,TROCKEN,2
BISSCHEN,NEBEL,2
MAL,SONNE,2
MAL,WOLKE,2
FUENFTE,DEZEMBER,2
SO,__OFF__,2
BISSCHEN,WARM,2
IX,NORD,2
FUENFZEHN,SECHSZEHN,2
MAXIMAL,ELF,2
LOCKER,WOLKE,2
VIER,REGION,2
SONNTAG,VIEL,2
SONNTAG,MEHR,2
AUCH,WEST,2
SCHAUER,KOENNEN,2
GEWITTER,DABEI,2
DIENST,SCHON,2
DANN,DONNERSTAG,2
FRISCH,WEHEN,2
BERG,OBEN,2
FRISCH,IX,2
NACHT,WAHRSCHEINLICH,2
DAUER,NEBEL,2
JUNI,__OFF__,2
SONNE,TROCKEN,2
WIE-AUSSEHEN,__OFF__,2
HIMMEL,STERN,2
__ON__,NORDOST,2
NORDWEST,MEHR,2
SONNE,SELTEN,2
__ON__,HALLO,2
HIMMEL,KLAR,2
DRUCK,ENORM,2
TAG,NORDOST,2
__ON__,WEHEN,2
TAG,WEST,2
NORDWEST,MORGEN,2
WEHEN,KOENNEN,2
MAESSIG,IX,2
KOMMEN,IN-KOMMEND,2
SONNE,TEIL,2
ALPEN,IX,2
WEHEN,BISSCHEN,2
KOMMEN,OST,2
SONNE,NORD,2
HEFTIG,REGEN,2
SONNE,NORDOST,2
KOMMEN,FREUNDLICH,2
WIE-AUSSEHEN,DIENSTAG,2
NULL,ZWISCHEN,2
NUR,NORD,2
NORDWEST,SCHAUER,2
ALPEN,REGEN,2
DANN,REGION,2
SCHAUER,TEIL,2
__ON__,HOCH,2
BESONDERS,SUED,2
__ON__,KOMMEN,2
WEHEN,KUESTE,2
ZWISCHEN,ACHTZEHN,2
JETZT,SCHOEN,2
__ON__,WIE-AUSSEHEN,2
WEHEN,AUCH,2
NUR,SCHWACH,2
SCHNEE,AUCH,2
NUR,WEST,2
__ON__,LUFT,2
DANN,KOMMEN,2
HIMMEL,BISSCHEN,2
__ON__,TEMPERATUR,2
BERG,ORKAN,2
NACHT,WOLKE,2
TAG,SUED,2
STARK,REGEN,2
NORDWEST,BISSCHEN,2
KOMMEN,KUEHL,2
SCHAUER,REGION,2
BEKOMMEN,BISSCHEN,2
SCHAUER,OST,2
KOMMEN,WOLKE,2
TAG,TEMPERATUR,2
SCHAUER,BESONDERS,2
FEUCHT,WARM,2
HALLO,GUT,2
KOMMEN,ABER,2
SCHAUER,MOEGLICH,2
ZEIGEN-BILDSCHIRM,SCHWACH,2
ZEHN,ELF,2
SUEDOST,STURM,2
SCHAUER,NORDWEST,2
SCHAUER,SONST,2
KOMMEN,REGION,2
SCHAUER,KURZ,2
KOMMEN,AUCH,2
NACHT,ANFANG,2
NORDWEST,AUCH,2
WEST,REGEN,2
REDUZIEREN,__OFF__,2
KOMMEN,WARM,2
WEST,WOLKE,2
MITTWOCH,DONNERSTAG,2
MAESSIG,NORD,2
QUELL,WOLKE,2
MAESSIG,WIND,2
KUESTE,SUED,2
TAG,OST,2
__ON__,MITTE,2
MAESSIG,__OFF__,2
WIE-AUSSEHEN,DONNERSTAG,2
SCHNEE,SUEDOST,2
SCHNEE,NORD,2
AUGUST,__OFF__,2
MAESSIG,KUESTE,2
DANN,WIND,2
SCHNEE,SONST,2
STARK,STURM,2
UNTEN,ALPEN,2
__ON__,FLUSS,2
__ON__,MONTAG,2
KAUM,__OFF__,2
REGION,FUENF,2
SCHOEN,KOMMEN,1
SUEDWEST,__OFF__,1
SUEDWEST,ZUERST,1
SCHON,VIEL,1
SCHOEN,SELBST,1
NUR,REST,1
SCHON,SCHNEE,1
SCHOEN,WAHRSCHEINLICH,1
KALT,WECHSELHAFT,1
WOCHE,WECHSELHAFT,1
TEMPERATUR,VOGEL,1
TEMPERATUR,REGEN,1
UNTEN,KOMMEN,1
MIT,REGEN,1
UNTEN,BERG,1
SCHON,MORGEN,1
UNTEN,AUCH,1
MIT,NEBEL,1
MIT,SCHNEE,1
SCHON,WIND,1
SCHON,AUTOBAHN,1
SCHON,NACHT,1
SCHON,HABEN,1
SCHOEN,MOEGLICH,1
NUR,TEIL,1
SCHOEN,KLAR,1
SUEDWEST,SIEBZEHN,1
SUEDWEST,FUENF,1
ABWECHSELN,WETTER,1
SCHON,GLUECK,1
SCHOEN,TEMPERATUR,1
SUEDWEST,GEWITTER,1
SECHSZEHN,MAXIMAL,1
TEMPERATUR,UNTERSCHIED,1
NUR,ACHT,1
WOCHE,GLEICH,1
NUR,SECHS,1
DABEI,GEWITTER,1
SECHSZEHN,DREI,1
MINUS,FUENFZEHN,1
MINUS,EIN,1
ODER,GEWITTER,1
NAECHSTE,OST,1
MINUS,NEUN,1
NAECHSTE,BLEIBEN,1
MINUS,SUEDWEST,1
NAECHSTE,REGEN,1
NAECHSTE,NORDWEST,1
ODER,FLUSS,1
MINUS,ZWANZIG,1
NUR,MAL,1
ODER,SUED,1
NAECHSTE,BESSER,1
ODER,OST,1
NAECHSTE,ANFANG,1
ODER,WIND,1
ODER,INTERNET,1
NUR,NORDWEST,1
NAECHSTE,DONNERSTAG,1
ODER,KLAR,1
NUR,SECHSZEHN,1
NUR,ZWEI,1
NAECHSTE,SONNTAG,1
SCHON,NAECHSTE,1
SCHON,SUEDWEST,1
SECHSZEHN,X,1
SUEDWEST,SONNE,1
SCHOEN,GUT,1
NUR,ZWOELF,1
MINUS,ZEHN,1
MINUS,ACHT,1
WOCHE,LUFT,1
SUEDWEST,KOENNEN,1
SUEDWEST,NULL,1
SUEDWEST,SCHNEE,1
NUR,SCHAUER,1
AUSRICHTEN,__OFF__,1
NUR,WOLKE,1
ODER,BERG,1
DABEI,SCHNEE,1
SUEDWEST,NEBEL,1
SUEDWEST,KOMMEN,1
WOCHE,KUEHL,1
SUEDWEST,WEHEN,1
DABEI,SCHAUER,1
DABEI,REGEN,1
MINUS,SECHS,1
SUEDWEST,AUCH,1
DABEI,STURM,1
ODER,SONNE,1
WOCHE,WIE-IMMER,1
ABER,FREUEN,1
KALT,ENORM,1
VIER,BIS,1
ANFANG,WECHSELHAFT,1
ANFANG,SONNE,1
WIE-IMMER,IN-KOMMEND,1
WIE-IMMER,SO,1
WIE-IMMER,__OFF__,1
VIER,NORDWEST,1
VIER,DANN,1
VIER,MINUS,1
ANFANG,ENORM,1
VIER,OST,1
VIER,SEE,1
FUENFZEHN,SUEDOST,1
FUENFZEHN,IX,1
DRITTE,DEZEMBER,1
DRITTE,MAERZ,1
DEZEMBER,WIE-AUSSEHEN,1
ANFANG,WIEDER,1
ANFANG,WOCHE,1
HAUPTSAECHLICH,SCHNEE,1
NICHT,PAAR-TAG,1
LAND,FUENF,1
LAND,BISSCHEN,1
LAND,VIER,1
FUER,VIEL,1
FUER,HEUTE,1
FUER,MORGEN,1
NICHT-REGION,NICHT,1
NICHT,VIEL,1
ANFANG,NOCH,1
PAAR-TAG,ANFANG,1
ANFANG,WIE-IMMER,1
ANFANG,FREUNDLICH,1
ANFANG,KOMMEN,1
ANFANG,AB,1
ANFANG,BISSCHEN,1
ANFANG,IX,1
HAUPTSAECHLICH,BEWOELKT,1
HAUPTSAECHLICH,STARK,1
LAND,SCHON,1
TIEF,O+P+H+E+L+I+A,1
SEE,MEHR,1
SEE,BISSCHEN,1
SEE,AUCH,1
SEE,IX,1
SEE,MOEGLICH,1
SEE,NOCH,1
TIEF,AB,1
TIEF,WEST,1
SEE,REGION,1
TIEF,OST,1
TIEF,SUED,1
TIEF,REGEN,1
TIEF,NORD,1
TIEF,LUFT,1
TIEF,WIE-AUSSEHEN,1
TIEF,SCHNEE,1
SEE,WEHEN,1
SEE,HOCH,1
HAUPTSAECHLICH,POSITION,1
BEWOELKT,BISSCHEN,1
HAUPTSAECHLICH,MITTE,1
HAUPTSAECHLICH,ALPEN,1
HAUPTSAECHLICH,SCHWACH,1
HAUPTSAECHLICH,MEHR,1
HAUPTSAECHLICH,UEBERWIEGEND,1
HAUPTSAECHLICH,TROCKEN,1
BEWOELKT,TROCKEN,1
BEWOELKT,HIER,1
SEE,TIEF,1
BEWOELKT,SUED,1
BEWOELKT,SUEDOST,1
BEWOELKT,VIEL,1
BEWOELKT,__OFF__,1
BEWOELKT,NEBEL,1
BEWOELKT,IX,1
BEWOELKT,SCHAUER,1
LAND,KUEHL,1
LAND,SONST,1
TIEF,WIEDER,1
NACHT,SCHNEE,1
NACHT,ALLGAEU,1
NACHT,WIND,1
NACHT,SUEDOST,1
NACHT,BLEIBEN,1
NACHT,UNTER,1
NACHT,REGION,1
NACHT,SINKEN,1
NACHT,RHEINLAND-PFALZ,1
NACHT,SCHAUER,1
NACHT,DREIZEHN,1
NACHT,PLUS,1
NACHT,SIEBEN,1
NACHT,SECHS,1
NACHT,BISSCHEN,1
NACHT,EIS,1
NACHT,NORDOST,1
NACHT,MEISTENS,1
NACHT,ODER,1
NACHT,ZWISCHEN,1
LANG,IM-VERLAUF,1
IM-VERLAUF,DANN,1
IM-VERLAUF,BLEIBEN,1
IM-VERLAUF,NACH,1
IM-VERLAUF,WEST,1
IM-VERLAUF,MORGEN,1
LANG,ABER,1
LANG,REGION,1
LANG,DAUER,1
BESSER,HEUTE,1
LANG,IN-KOMMEND,1
LANG,SCHNEE,1
MITTE,MAL,1
BESSER,__OFF__,1
BESSER,UND,1
BESSER,RUHIG,1
BESSER,SONNE,1
NACHT,FROST,1
NACHT,STERN,1
LAND,MEHR,1
LAND,TIEF,1
EINS,DREISSIG,1
AM-TAG,ELF,1
ELF,VOGEL,1
ELF,__OFF__,1
ELF,REGION,1
ELF,ZWISCHEN,1
LAND,SUEDOST,1
LAND,MAXIMAL,1
EINS,FLUSS,1
LAND,BLEIBEN,1
LAND,SCHWACH,1
LAND,ELF,1
LAND,AUCH,1
LAND,IRLAND,1
LAND,NORD,1
LAND,HEUTE,1
EINS,ZWEI,1
EINS,BIS,1
NACHT,KRAEFTIG,1
NACHT,VERSCHWINDEN,1
NACHT,TROCKEN,1
NACHT,HAUPTSAECHLICH,1
NACHT,ZWEI,1
NACHT,KUESTE,1
NACHT,BAYERN,1
NACHT,IM-VERLAUF,1
NACHT,ZONE,1
NACHT,UEBERWIEGEND,1
EINS,__OFF__,1
NACHT,WEHEN,1
NACHT,ELF,1
NACHT,SELTEN,1
NACHT,ACHTZEHN,1
NACHT,TIEF,1
KOELN,REGION,1
EINS,REGION,1
TIEF,AUFZIEHEN,1
TIEF,ENORM,1
KALT,MINUS,1
HIER,DEUTSCH,1
HIER,NEU,1
HIER,SO,1
HIER,HERBST,1
HIER,WETTER,1
HIER,AUCH,1
HIER,SCHAU-MAL,1
HIER,WALD,1
NEUNZEHN,GRAD,1
HIER,ENTTAEUSCHT,1
NEUNZEHN,BIS,1
NEUNZEHN,APRIL,1
NEUNZEHN,JANUAR,1
NEUNZEHN,NOVEMBER,1
NEUNZEHN,ZWISCHEN,1
SECHS,REGION,1
SECHS,MAXIMAL,1
HIER,HEUTE,1
HIER,LAND,1
SECHS,ZWISCHEN,1
REST,SCHAUER,1
DIESE,BLEIBEN,1
LOS,KOMMEN,1
LOS,WECHSELHAFT,1
DESWEGEN,SONNE,1
DESWEGEN,UNWETTER,1
DESWEGEN,SCHNEEVERWEHUNG,1
DRESDEN,REGION,1
ICH,RUSSLAND,1
DEUTSCH,HIER,1
ICH,HIER,1
WAHRSCHEINLICH,BEIDE,1
WAHRSCHEINLICH,REGION,1
WAHRSCHEINLICH,SUED,1
WAHRSCHEINLICH,STARK,1
WAHRSCHEINLICH,KUEHL,1
BEIDE,ABER,1
SECHS,SECHZIG,1
THUERINGEN,SACHSEN,1
DIESE,LOS,1
KALT,SUED,1
UND,SCHNEE,1
UND,NIESELREGEN,1
UND,ZEHN,1
KALT,SCHOEN,1
KALT,DIENSTAG,1
KALT,KOMMEN,1
KALT,HAUPTSAECHLICH,1
KALT,FEUCHT,1
UND,NEBEL,1
KALT,REGEN,1
KALT,FROST,1
KALT,NORD,1
KALT,FRISCH,1
KALT,ZEIGEN-BILDSCHIRM,1
KALT,WARM,1
KALT,SO,1
UND,NICHT-IMMER,1
UND,MITTE,1
THUERINGEN,REGION,1
KLAR,SONNE,1
THUERINGEN,REGEN,1
SACHSEN,TAG,1
SACHSEN,WIE-AUSSEHEN,1
SACHSEN,ODER,1
KLAR,WOLKE,1
KLAR,UEBER,1
KLAR,LUFT,1
KLAR,NACHT,1
UND,AB,1
KLAR,SUED,1
KLAR,GERADE,1
KLAR,FROST,1
UND,DANN,1
UND,NORD,1
UND,SONNE,1
UND,BRAND,1
DIESE,BILD,1
DEUTSCHLAND,SCHLECHT,1
TIEF,NORWEGEN,1
SCHNEE,HOCH,1
SCHNEE,MITTWOCH,1
SCHNEE,BIS,1
SCHNEE,NACHT,1
SCHNEE,LEICHT,1
SCHNEE,SCHEINEN,1
SCHNEE,MEHR,1
SCHNEE,HABEN,1
SCHNEE,BERG,1
SCHNEE,WENIG,1
SCHNEE,MONTAG,1
SCHNEE,UEBER,1
SCHNEE,IN-KOMMEND,1
SCHNEE,TEIL,1
SCHNEE,REGION,1
SCHNEE,MITTE,1
SCHNEE,HAGEL,1
SCHNEE,BISSCHEN,1
SCHNEE,AUFTAUCHEN,1
SCHNEIEN,ZWEITE,1
ZONE,NORD,1
DRUCK,ZONE,1
DRUCK,FREUNDLICH,1
DRUCK,UNTERSCHIED,1
DRUCK,TIEF,1
DRUCK,DESHALB,1
DRUCK,STARK,1
DRUCK,TROCKEN,1
ZONE,REGION,1
SCHNEE,__OFF__,1
ZONE,NEBEL,1
SCHNEE,GRAUPEL,1
SCHNEE,DABEI,1
SCHNEE,BESONDERS,1
SCHNEE,IX,1
SCHNEE,WIND,1
SCHNEE,TAUEN,1
SCHNEE,SCHAUER,1
SCHNEIEN,SUEDWEST,1
DEUTSCHLAND,REGEN,1
AUFLOESEN,ALPEN,1
MEER,NORD,1
MEER,SCHWER,1
MEER,TEILWEISE,1
MEER,BERG,1
MEER,SCHNEE,1
SLOWAKEI,KOMMEN,1
AUFLOESEN,WIND,1
AUFLOESEN,AUCH,1
MEER,AUCH,1
AUFLOESEN,REGION,1
AUFLOESEN,MORGEN,1
AUFLOESEN,DANN,1
DEUTSCHLAND,MORGEN,1
DEUTSCHLAND,BEWOELKT,1
DEUTSCHLAND,EINFLUSS,1
DEUTSCHLAND,KOMMEN,1
MEER,IX,1
MEER,WIE,1
SCHNEIEN,WIND,1
TEMPERATUR,ZWOELF,1
SCHNEIEN,MORGEN,1
SCHNEIEN,MOEGLICH,1
SCHNEIEN,SCHNEE,1
SCHNEIEN,NORD,1
SCHNEIEN,KALT,1
SCHNEIEN,SCHOEN,1
SCHNEIEN,FROST,1
SCHNEIEN,SCHAUER,1
MEER,SONNE,1
SCHNEIEN,DANN,1
SCHNEIEN,DIENSTAG,1
SCHNEIEN,NORDOST,1
SCHNEIEN,IX,1
SCHNEIEN,IM-VERLAUF,1
MEER,DANN,1
MEER,TIEF,1
TEMPERATUR,ALPEN,1
VERSCHWINDEN,KOENNEN,1
TEMPERATUR,SECHS,1
AB-SO,AUFKOMMEN,1
BEKANNTGEBEN,MOEGLICH,1
SOMMER,WETTER,1
SOMMER,WARM,1
SOMMER,TEMPERATUR,1
ANKLICKEN,TEXT,1
TEXT,ODER,1
INTERNET,ANSCHAUEN,1
ANSCHAUEN,KOENNEN,1
UHR,DAUER,1
AUFKOMMEN,SAMSTAG,1
UNTER,ZWANZIG,1
GLATT,IN-KOMMEND,1
GLATT,AUCH,1
GLATT,MITTE,1
GLATT,KOENNEN,1
GLATT,EIS,1
GLATT,GEFAHR,1
GLATT,__OFF__,1
ALLGEMEIN,TIEF,1
V,LAND,1
NICHT-WAHRSCHEINLICH,KAUM,1
JEDEN-TAG,OST,1
S,H,1
DREISSIG,BIS,1
POMMERN,UND,1
BRAND,WEITER,1
BURG,MORGEN,1
BURG,IX,1
DURCHGEHEND,REGEN,1
DURCHGEHEND,SONNE,1
SCHEINEN,FUENF,1
SCHEINEN,IX,1
SCHEINEN,MOEGLICH,1
DREISSIG,FUENF,1
RISIKO,JEDEN-TAG,1
MANCHMAL,JA,1
MANCHMAL,ENORM,1
MANCHMAL,MORGEN,1
MANCHMAL,WARM,1
JA,__OFF__,1
JA,DANN,1
ZUERST,GEWITTER,1
ZUERST,GUT,1
ZUERST,SCHWACH,1
NIEDER,FLUSS,1
BEREICH,SUED,1
TAGSUEBER,OFT,1
LOCKER,NACHT,1
HOCHWASSER,MESSEN,1
BODEN,GLATT,1
BODEN,GEFRIEREN,1
BODEN,SEE,1
SINKEN,VIERZEHN,1
SINKEN,TEMPERATUR,1
SINKEN,WEST,1
SINKEN,MITTE,1
TYPISCH,REGION,1
LOCKER,REGION,1
OFT,REGEN,1
SO,NORD,1
SO,DESHALB,1
SO,MANCHMAL,1
SO,WETTER,1
SO,HIER,1
SO,MONTAG,1
SO,IN-KOMMEND,1
SO,WEITER,1
SO,WECHSELHAFT,1
HOCHWASSER,__OFF__,1
SCHLIMM,HOCHWASSER,1
ISLAND,DANN,1
ZWOELFTE,JANUAR,1
OFT,SONNE,1
ENDLICH,SONNE,1
MUENCHEN,P,1
P,KOMMEN,1
MEIN,SAMSTAG,1
GLEICH,AEHNLICH,1
GLEICH,MINUS,1
GLEICH,SPANIEN,1
GLEICH,WEITER,1
GLEICH,WETTER,1
GLEICH,SAMSTAG,1
GLEICH,IX,1
AEHNLICH,DIENSTAG,1
AEHNLICH,WIE,1
SECHSHUNDERT,BIS,1
METER,BERG,1
METER,NACH,1
METER,UEBER,1
UMWANDELN,SCHNEE,1
H,VOR,1
ERSTMAL,FREUNDLICH,1
ALLGAEU,IX,1
PRO,STUNDE,1
UEBERSCHWEMMUNG,SUED,1
ZEHN,MINUS,1
ZEHN,TEMPERATUR,1
ZEHN,BIS,1
ZEHN,REGION,1
HUNDERT,VIERZIG,1
VIERZIG,KILOMETER,1
VIERZIG,GRAD,1
KILOMETER,PRO,1
PRO,QUADRATMETER,1
DIENST,WARNUNG,1
STUNDE,STURM,1
STUNDE,NOCH,1
UEBER,ZEHN,1
UEBER,DREIHUNDERT,1
UEBER,SCHNEE,1
NULL,OST,1
NULL,GRAD,1
NULL,FUENF,1
NULL,BIS,1
DIENST,SAGEN,1
DIENST,BEKANNTGEBEN,1
B,BAYERN,1
ACHTE,SEPTEMBER,1
VOR,POMMERN,1
VOR,REGION,1
O+P+H+E+L+I+A,KALT,1
KURZ,REGEN,1
UMSTELLEN,REDUZIEREN,1
REDUZIEREN,KUEHL,1
WIRKLICH,WIE,1
ACHTE,APRIL,1
ACHTE,OKTOBER,1
ABKUEHLEN,SONNE,1
DIENST,STURM,1
WENIG,WOLKE,1
WENIG,REGION,1
WENIG,MAL,1
WENIG,IX,1
WENIG,FEUCHT,1
WENIG,ABER,1
WENIG,SONNE,1
WARNUNG,DEUTSCH,1
WARNUNG,EINIGE,1
VORBEI,DANN,1
VON,NORD,1
VON,MEHR,1
SCHOTTLAND,WOLKE,1
AUSNAHME,ACHTUNG,1
ACHTUNG,MEER,1
ACHTUNG,STRASSE,1
BEKOMMEN,REGEN,1
ERWARTEN,NOCHEINMAL,1
ORKAN,STURM,1
ORKAN,__OFF__,1
SCHOTTLAND,TIEF,1
SCHOTTLAND,REGION,1
FEUCHT,REGION,1
POSITION,KOENNEN,1
FEUCHT,KOENNEN,1
FEUCHT,DARUM,1
FEUCHT,WENIG,1
WECHSEL,SONNE,1
EUCH,EUROPA,1
EUCH,MACHEN,1
E,REGION,1
ZWEI-TAG,WETTER,1
B,REGION,1
AUFTAUCHEN,ABER,1
KAUM,SCHNEE,1
BILD,WEST,1
DOCH,WOLKE,1
BRANDENBURG,REGION,1
ZWISCHEN,DREI,1
ZWISCHEN,SIEBZEHN,1
ZWISCHEN,SIEBEN,1
ZWISCHEN,NULL,1
ZWISCHEN,NEUNZEHN,1
ZWISCHEN,FUENFZEHN,1
ZWISCHEN,BODEN,1
ZWISCHEN,ELF,1
ZWISCHEN,FUENF,1
ZWISCHEN,NACHT,1
ZWISCHEN,SONST,1
ZWISCHEN,NEUN,1
DREI,NULL,1
DREI,FLUSS,1
DREI,GRAD,1
SIEBZEHN,REGION,1
SIEBZEHN,DEZEMBER,1
SIEBZEHN,MAXIMAL,1
SO,MEHR,1
WEITER,WECHSELHAFT,1
WEITER,NORD,1
SUPER,SONNE,1
GERADE,MONTAG,1
HEFTIG,GEWITTER,1
NIEDERUNG,__OFF__,1
NICHTALP-AUCH,NICHTALP-AUCH,1
NICHTALP-AUCH,NORMAL,1
SAEGE,SECHS,1
SECHZIG,LITER,1
LITER,REGEN,1
QUADRATMETER,DEUTSCH,1
ZWEITAUSEND,ELF,1
DANEBEN,SONNE,1
AUFZIEHEN,WETTER,1
AUFZIEHEN,MORGEN,1
DAS-IST-ES,NACHT,1
SCHWARZ,REGION,1
SCHLECHT,BODEN,1
SCHLECHT,VIEL,1
VERAENDERN,ENORM,1
GESTERN,ORKAN,1
GARTEN,IX,1
GERADE,IX,1
DARUNTER,NEBEL,1
WEITER,SO,1
NICHT-IN-KOMMEND,WIE-IMMER,1
IHR,VIEL,1
IHR,SCHOEN,1
IHR,__OFF__,1
TRINKEN,MOEGLICH,1
OB,SCHOEN,1
SELBST,LEUTE,1
LEUTE,MUESSEN,1
ENTSCHEIDUNG,GEBEN,1
GEBEN,SCHOEN,1
EIS,NORD,1
EINFLUSS,HIER,1
EIS,REGEN,1
BEI-UNS,NORDWEST,1
DREHEN,MEER,1
ES-BEDEUTET,WIND,1
HEUTE-NACHT,STERN,1
ACH,KOMMEN,1
BEDEUTEN,WAHR,1
BEDEUTEN,HIMMEL,1
WAHR,BRAUCHEN,1
C+M,NEU,1
AUTOBAHN,LAHM,1
LAHM,__OFF__,1
LAGE,__OFF__,1
X,MORGEN,1
VIERHUNDERT,ACHTHUNDERT,1
ACHTHUNDERT,METER,1
RUEGEN,EIN,1
DU,ZUSCHAUER,1
ZENTIMETER,HOEHE,1
HOEHE,SCHNEE,1
GEMISCHT,NEBEL,1
SICHER,GEFRIEREN,1
BISHER,TAG,1
BERLIN,IX,1
LETZTE,DEUTSCHLAND,1
MESSEN,VORSICHT,1
SCHNEEVERWEHUNG,KOENNEN,1
MITBRINGEN,IN-KOMMEND,1
FLACH,AUCH,1
TROTZDEM,IN-KOMMEND,1
KEIN,REGEN,1
FEIER,TAG,1
SCHWEDEN,TIEF,1
RHEIN,NACHT,1
SCHLECHTER,WECHSELHAFT,1
DREIDREISSIG,GRAD,1
SCHLAF,FUENF,1
MAI,__OFF__,1
STRAHLEN,AUCH,1
NICHT-FROST,NICHT-HABEN,1
ZWISCHEN-MITTE,SCHNEE,1
SCHAU-MAL,ZEIGEN-BILDSCHIRM,1
AUSHALTEN,REGEN,1
GEWESEN,__OFF__,1
NIESELREGEN,FROST,1
STRASSE,KOENNEN,1
STRASSE,GLATT,1
WAS,WOCHENENDE,1
W,BIS,1
VORSICHT,SEIN,1
VERBREITEN,NACHT,1
IN-PAAR-TAG,BLEIBEN,1
NEBEN,AUFLOESEN,1
NORWEGEN,WOLKE,1
ZWEIDREISSIG,GRAD,1
BESTE,SCHLAF,1
BITTE,IHR,1
EBEN,MOEGLICH,1
SCHAFFEN,MAXIMAL,1
IRLAND,UND,1
EINIGE,GEWESEN,1
SKANDINAVIEN,KOMMEN,1
SKANDINAVIEN,IX,1
PLUS,SONST,1
PLUS,STEIGEN,1
PLUS,__OFF__,1
PLUS,ACHT,1
PLUS,FUENF,1
PLUS,EIN,1
SCHWUEL,HEISS,1
UNWETTER,MOEGLICH,1
SCHWUEL,WARM,1
RHEINLAND-PFALZ,IX,1
BADEN,W,1
WUERTTEMBERG,BIS,1
WUERTTEMBERG,BAYERN,1
VERLAENGERN,REGEN,1
SIE,DIENSTAG,1
GRUND,IX,1
GRUND,HOCH,1
EINIGE,SCHAUER,1
EINIGE,WOLKE,1
ANGENEHM,IX,1
ANGENEHM,JA,1
WEITER,MITTWOCH,1
WEITER,KRAEFTIG,1
GLUECK,FRANKREICH,1
GLUECK,KEIN,1
FRANKREICH,HOCH,1
FRANKREICH,AUCH,1
GETRENNT,NAEHE,1
NAEHE,__OFF__,1
NAEHE,TIEF,1
NAEHE,FLUSS,1
NAEHE,KUESTE,1
NAEHE,DEUTSCH,1
NAEHE,KALT,1
NICHTALP-STIMMT,MORGEN,1
DICK,IX,1
WO,SUEDOST,1
WO,REGEN,1
NORMAL,KUEHL,1
NORMAL,IX,1
UNGARN,IX,1
UNWETTER,MEISTENS,1
S+L+Y,IX,1
DESHALB,DEUTSCHLAND,1
HOEHER,__OFF__,1
VON-UNTEN,NACH-NORD,1
NACH-NORD,MEHR,1
BERUHIGEN,PLUS,1
STEIGEN,SONST,1
STEIGEN,__OFF__,1
STEIGEN,SONNE,1
GANZTAGS,MEHR,1
DESHALB,WETTER,1
DESHALB,TEIL,1
UNWETTER,WIND,1
SAGEN,WARNUNG,1
A,REGION,1
A,SUED,1
NEUNZEHNTE,DEZEMBER,1
INFORMIEREN,WETTER,1
ANDERE,MAESSIG,1
AUGUST,FEBRUAR,1
NICHT-IMMER,KOMMEN,1
MACHEN,GUT,1
OBEN,DANN,1
OBEN,UNTEN,1
GEFRIEREN,LAGE,1
GEFRIEREN,KOMMEN,1
VESCHWINDEN,WOLKE,1
OBWOHL,PLUS,1
RECHNEN,REGEN,1
RECHNEN,NICHT-HABEN,1
TATSAECHLICH,UEBERWIEGEND,1
TATSAECHLICH,GEWITTER,1
TATSAECHLICH,REGEN,1
TATSAECHLICH,WOLKE,1
TATSAECHLICH,KOMMEN,1
TATSAECHLICH,INSGESAMT,1
VORAUSSAGE,FUER,1
KRAEFTIG,AB,1
KRAEFTIG,WEHEN,1
KRAEFTIG,WAS,1
KRAEFTIG,REGEN,1
KRAEFTIG,STURM,1
GEFRIEREN,GLATT,1
GEFRIEREN,FLUSS,1
GEFRIEREN,ZUERST,1
ALLGAEU,FUENF,1
ALLGAEU,HEUTE,1
TEMPERATUR,BIS,1
SEHEN,STERN,1
SEHEN,SUEDWEST,1
SEHEN,KREISEN,1
SEHEN,HIMMEL,1
SEHEN,NORDWEST,1
SEHEN,ABER,1
SEHEN,REGEN,1
SEHEN,SUED,1
SEHEN,MEISTENS,1
SEHEN,LEICHT,1
SEHEN,__OFF__,1
STERN,HABEN,1
LOCH,MIT,1
LOCH,SONNE,1
VERSCHWINDEN,SUED,1
VERSCHWINDEN,LANGSAM,1
VERSCHWINDEN,SCHAUER,1
VERSCHWINDEN,ABER,1
VERSCHWINDEN,MORGEN,1
VERSCHWINDEN,__OFF__,1
IM-VERLAUF,REGEN,1
STERN,NEBEL,1
NICHT-HABEN,SONNE,1
TAL,__OFF__,1
FROST,SCHADEN,1
TAL,NEBEL,1
HIMMEL,FROST,1
HIMMEL,KOENNEN,1
HIMMEL,MOEGLICH,1
HIMMEL,DANN,1
HIMMEL,SCHOEN,1
HIMMEL,WETTER,1
HIMMEL,SEHEN,1
FROST,NORD,1
FROST,BESONDERS,1
NICHT-HABEN,FROST,1
FROST,VOR,1
FROST,TAG,1
FROST,REGEN,1
FROST,NORDWEST,1
FROST,IX,1
FROST,ABER,1
FROST,MORGEN,1
NICHT-HABEN,GEWITTER,1
NICHT-HABEN,REGEN,1
VERSCHWINDEN,DANN,1
VERSCHWINDEN,ALPEN,1
BRAUCHEN,MOECHTEN,1
MEISTENS,MENSCHEN,1
ENORM,SCHNELL,1
ENORM,SCHAUER,1
ENORM,MEER,1
ENORM,GESTERN,1
ENORM,FROST,1
ENORM,SPAET,1
ENORM,REGEN,1
ENORM,SCHNEE,1
ENORM,VIEL,1
MEISTENS,HEUTE,1
MOECHTEN,HIER,1
MEISTENS,WO,1
MEISTENS,NORD,1
MEISTENS,SCHNEE,1
MEISTENS,KOMMEN,1
MEISTENS,IX,1
MEISTENS,NEBEL,1
MEISTENS,MEHR,1
MEISTENS,NACHMITTAG,1
MEISTENS,TROCKEN,1
ENORM,LUFT,1
ENORM,MOEGLICH,1
ENORM,GEWITTER,1
ENORM,MORGEN,1
EXTREM,WETTER,1
UNTERSCHIED,SECHS,1
UNTERSCHIED,KOMMEN,1
UNTERSCHIED,REGION,1
UNTERSCHIED,STURM,1
UNTERSCHIED,SONST,1
UNTERSCHIED,DESHALB,1
UNTERSCHIED,GEWITTER,1
ACHTZEHN,BIS,1
ACHTZEHN,NORD,1
ACHTZEHN,ZWISCHEN,1
ACHTZEHN,APRIL,1
ACHTZEHN,JULI,1
ACHTZEHN,REGION,1
SEIN,__OFF__,1
SEIN,GLEICH,1
SEIN,ACHTUNG,1
SEIN,ANGENEHM,1
KREISEN,REGEN,1
TAL,ODER,1
ALPEN,DANN,1
ACHT,SUEDWEST,1
MAL,KLAR,1
MITTWOCH,ABER,1
MITTWOCH,NUR,1
MITTWOCH,MEISTENS,1
MITTWOCH,KOMMEN,1
MITTWOCH,SIEBEN,1
MITTWOCH,NORDWEST,1
MITTWOCH,ACHT,1
MITTWOCH,NORD,1
MITTWOCH,DREISSIG,1
MAL,REGEN,1
MITTWOCH,REGEN,1
MOEGLICH,NORD,1
MOEGLICH,AUCH,1
MOEGLICH,SCHLIMM,1
MOEGLICH,BODEN,1
MOEGLICH,GLATT,1
MOEGLICH,SAMSTAG,1
MOEGLICH,BEISPIEL,1
MOEGLICH,SCHAUER,1
MOEGLICH,SONST,1
MITTWOCH,NEUNZEHN,1
MITTWOCH,SONNE,1
ALPEN,EINS,1
TEMPERATUR,ZWEIZWANZIG,1
TEMPERATUR,NULL,1
TEMPERATUR,FUENF,1
TEMPERATUR,HOCH,1
TEMPERATUR,REDUZIEREN,1
TEMPERATUR,SONNTAG,1
TEMPERATUR,DREIZEHN,1
TEMPERATUR,__OFF__,1
TEMPERATUR,ZEHN,1
TEMPERATUR,SELTEN,1
TEMPERATUR,WIE-IMMER,1
MITTWOCH,ZWOELFTE,1
PLOETZLICH,IX,1
WIE,UNWETTER,1
WIE,ORKAN,1
MITTWOCH,MISCHUNG,1
MITTWOCH,REGION,1
MITTWOCH,AUCH,1
MITTWOCH,ACHTE,1
MITTWOCH,SUEDWEST,1
MITTWOCH,SEIN,1
MOEGLICH,LANG,1
MOEGLICH,SCHOEN,1
MOEGLICH,FLACH,1
KUESTE,IX,1
JANUAR,ZWEITAUSEND,1
KUESTE,KOENNEN,1
KUESTE,WIND,1
KUESTE,MAL,1
KUESTE,MEER,1
KUESTE,VIEL,1
KUESTE,TIEF,1
KUESTE,WOLKE,1
KUESTE,STARK,1
KUESTE,REGEN,1
SPAETER,NORDWEST,1
KUESTE,REGION,1
ALPEN,TAL,1
ALPEN,SCHNEE,1
ALPEN,VIER,1
ALPEN,KUESTE,1
ALPEN,MOEGLICH,1
ALPEN,BISSCHEN,1
ALPEN,SUED,1
ALPEN,MINUS,1
NEU,WOLKE,1
NEU,WOCHE,1
NEU,TIEF,1
BOEE,__OFF__,1
SPAETER,KOMMEN,1
SPAETER,BISSCHEN,1
SPAETER,NORD,1
SPAETER,REGION,1
SPAETER,SUEDOST,1
FUENFTE,JANUAR,1
RUHIG,DANN,1
RUHIG,TROCKEN,1
RUHIG,__OFF__,1
RUHIG,HERBST,1
RUHIG,FREUNDLICH,1
WENN,NICHT-HABEN,1
WENN,KLAR,1
WENN,NEBEN,1
MAL-SO,MAL-SO,1
MAL-SO,AUCH,1
GRAUPEL,IX,1
GRAUPEL,KURZ,1
BOEE,STARK,1
MEISTENS,VERBREITEN,1
MENSCHEN,FROH,1
FROH,__OFF__,1
EIN-PAAR,STUNDE,1
FUENF,BIS,1
FUENF,ZENTIMETER,1
FAST,REGION,1
FAST,UEBERALL,1
MUESSEN,TROCKEN,1
MUESSEN,ENTSCHEIDUNG,1
MUESSEN,AUSHALTEN,1
EIN-PAAR,IX,1
EIN-PAAR,WIND,1
LEICHT,__OFF__,1
FUENF,MINUS,1
LEICHT,MAESSIG,1
LEICHT,KUESTE,1
LEICHT,SCHNEE,1
LEICHT,WOLKE,1
WALD,TROCKEN,1
WALD,REGION,1
WALD,BISSCHEN,1
WALD,BIS,1
SCHADEN,BRAUN,1
FUENF,C+M,1
FUENF,BERG,1
DREIZEHN,REGION,1
EUROPA,REGION,1
DAZU,BISSCHEN,1
DAZU,WOLKE,1
UNGEFAEHR,MITTE,1
UNGEFAEHR,NORDWEST,1
UNGEFAEHR,PLUS,1
UNGEFAEHR,FUENFZEHN,1
EUROPA,ACHTZEHN,1
EUROPA,HEISS,1
EUROPA,BERG,1
EUROPA,KOMMEN,1
FUENF,IX,1
EUROPA,SUED,1
HEISS,BIS,1
HEISS,ZWANZIG,1
HEISS,ENORM,1
HEISS,SCHEINEN,1
HEISS,GETRENNT,1
HEISS,KOMMEN,1
HEISS,ZURUECK,1
FUENF,THUERINGEN,1
BRAUN,KNOSPE-ABFALLEN,1
KNOSPE-ABFALLEN,DARUM,1
DARUM,ERNTE,1
STROEMEN,KOENNEN,1
HABEN,SCHAUER,1
TRUEB,BISSCHEN,1
TRUEB,__OFF__,1
TRUEB,DIESE,1
TRUEB,REGEN,1
TROPFEN,WIND,1
TROPFEN,REGEN,1
WASSER,STROEMEN,1
WASSER,GEFAHR,1
STROEMEN,NACH,1
DARUM,SCHNEE,1
ORT,WOLKE,1
ORT,REGION,1
ORT,STARK,1
ORT,SCHAUER,1
HAGEL,REGION,1
ACHT,BIS,1
ACHT,MAXIMAL,1
ACHT,WENN,1
ACHT,NICHT-HABEN,1
HABEN,__OFF__,1
HABEN,BISSCHEN,1
HABEN,WECHSELHAFT,1
HABEN,IX,1
DARUM,NORD,1
DARUM,FLUSS,1
ERNTE,WENIGER,1
WENIGER,AUCH,1
WENIGER,__OFF__,1
WENIGER,NORD,1
WEIN,UEBERALL,1
BEISPIEL,TAL,1
BEISPIEL,FLUSS,1
NACHMITTAG,BISSCHEN,1
NACHMITTAG,SONNE,1
NACHMITTAG,SCHWARZ,1
NACHMITTAG,SCHAUER,1
NACHMITTAG,MITTE,1
NACHMITTAG,KOMMEN,1
RICHTUNG,__OFF__,1
HABEN,SONST,1
HABEN,SONNE,1
HABEN,REGEN,1
DAZU,LUFT,1
DAZU,STARK,1
DAZU,SCHNEE,1
FREITAG,NAEHE,1
FREITAG,WETTER,1
FREITAG,NEUN,1
FREITAG,VIEL,1
FREITAG,REGION,1
FREITAG,MINUS,1
FREITAG,FUENFZEHN,1
FREITAG,ZWANZIG,1
FREITAG,LANGSAM,1
FREITAG,VIER,1
FREITAG,FUENF,1
BLEIBEN,LANG,1
FREITAG,RUHIG,1
FREITAG,REGEN,1
FREITAG,AEHNLICH,1
FREITAG,WENN,1
FREITAG,KOMMEN,1
FREITAG,ACHT,1
FREITAG,NORD,1
BLEIBEN,TAUEN,1
BLEIBEN,WIND,1
FREITAG,ACHTE,1
FREITAG,WEST,1
FREITAG,SUED,1
FREITAG,HAUPTSAECHLICH,1
DREIZEHN,__OFF__,1
DREIZEHN,MAXIMAL,1
DREIZEHN,OKTOBER,1
DREIZEHN,FLUSS,1
DREIZEHN,GRAD,1
DREIZEHN,WEST,1
SOLL,SONNE,1
SOLL,HOCH,1
ERSTE,SECHSTE,1
ERSTE,FEBRUAR,1
ERSTE,APRIL,1
SECHSTE,FEBRUAR,1
FRUEH,REGEN,1
FRUEH,WAHRSCHEINLICH,1
FRUEH,SUEDOST,1
FRUEH,MEISTENS,1
FRUEH,IX,1
WIRBEL,__OFF__,1
SPANIEN,KOMMEN,1
BLEIBEN,HEUTE,1
BLEIBEN,BRAND,1
DAZU,IX,1
WOCHENENDE,BLEIBEN,1
MITTAG,NORDWEST,1
MITTAG,FREUNDLICH,1
MITTAG,BISSCHEN,1
MITTAG,MEHR,1
MITTAG,OST,1
MITTAG,AUCH,1
MITTAG,ABEND,1
MITTAG,NOCH,1
MITTAG,BAYERN,1
WOCHENENDE,MEHR,1
BLEIBEN,TEIL,1
WOCHENENDE,IN-KOMMEND,1
WOCHENENDE,AUCH,1
WOCHENENDE,SONNE,1
WOCHENENDE,IM-VERLAUF,1
WOCHENENDE,NAECHSTE,1
WOCHENENDE,HAUPTSAECHLICH,1
WOCHENENDE,IX,1
TAUEN,DAZU,1
TAUEN,VIEL,1
MITTAG,ENDLICH,1
MITTAG,GEWITTER,1
MITTAG,ANFANG,1
MITTAG,NORD,1
BLEIBEN,FROST,1
BLEIBEN,SIEBZEHN,1
DA,SCHNEE,1
LUFT,SCHNELL,1
LUFT,VON,1
LUFT,ENORM,1
LUFT,KALT,1
LUFT,SO,1
LUFT,MEISTENS,1
LUFT,DAZU,1
LUFT,WARM,1
LUFT,FEUCHT,1
LUFT,NICHT-HABEN,1
SCHNELL,AUFLOESEN,1
SCHNELL,__OFF__,1
SCHNELL,OB,1
GEFAHR,FLUSS,1
GEFAHR,WETTER,1
MITTAG,KOMMEN,1
IM-VERLAUF,SONST,1
WEHEN,LEICHT,1
IM-VERLAUF,AUCH,1
IM-VERLAUF,MEHR,1
AB,DIENSTAG,1
AB,FREITAG,1
AB,LOS,1
AB,ZWOELF,1
AB,MORGEN,1
AB,DONNERSTAG,1
AB,MEER,1
AB,SONNTAG,1
DIENSTAG,IN-KOMMEND,1
DIENSTAG,WEST,1
DIENSTAG,REGEN,1
DIENSTAG,FUENFTE,1
DIENSTAG,BESONDERS,1
DIENSTAG,NORDOST,1
DIENSTAG,ABER,1
DIENSTAG,MITTWOCH,1
DIENSTAG,NORDWEST,1
DIENSTAG,VIERZEHN,1
DIENSTAG,RUHIG,1
KUEHL,AUFZIEHEN,1
KUEHL,IX,1
KUEHL,WENIGER,1
KUEHL,SEIN,1
MONTAG,MORGEN,1
MONTAG,TAG,1
UEBERALL,WECHSELHAFT,1
UEBERALL,TROCKEN,1
UEBERALL,DEUTSCH,1
UEBERALL,SONNE,1
KUEHL,AB,1
KUEHL,ABWECHSELN,1
KUEHL,SONST,1
KUEHL,REDUZIEREN,1
KUEHL,BESONDERS,1
KUEHL,HEISS,1
KUEHL,ANGENEHM,1
KUEHL,NAECHSTE,1
KUEHL,REGEN,1
KUEHL,ZEHN,1
KUEHL,HERBST,1
KUEHL,BLEIBEN,1
DIENSTAG,NEUNZEHN,1
DIENSTAG,EINS,1
DIENSTAG,FUENF,1
WIEDER,IN-KOMMEND,1
LANGSAM,IM-VERLAUF,1
LANGSAM,SINKEN,1
LANGSAM,AUFLOESEN,1
WIEDER,ZURUECK,1
WIEDER,FREUNDLICH,1
WIEDER,REGEN,1
WIEDER,WECHSELHAFT,1
WIEDER,VIEL,1
WIEDER,UND,1
IN-KOMMEND,KOMMEN,1
WIEDER,SCHLECHTER,1
ZURUECK,FREUNDLICH,1
ZURUECK,SUED,1
WARM,WETTER,1
WARM,HEISS,1
WARM,NACHT,1
WARM,GEWITTER,1
WARM,DREISSIG,1
LANGSAM,WIEDER,1
IN-KOMMEND,MITTWOCH,1
DIENSTAG,ABEND,1
IN-KOMMEND,RUHIG,1
DIENSTAG,ERSTE,1
IN-KOMMEND,LANGSAM,1
IN-KOMMEND,AUCH,1
IN-KOMMEND,ZWEI-TAG,1
IN-KOMMEND,IN-KOMMEND,1
IN-KOMMEND,MEISTENS,1
IN-KOMMEND,REGION,1
IN-KOMMEND,WETTER,1
IN-KOMMEND,EINFLUSS,1
IN-KOMMEND,NUR,1
IN-KOMMEND,DANEBEN,1
IN-KOMMEND,SCHOEN,1
IN-KOMMEND,TIEF,1
IN-KOMMEND,SCHNEE,1
IN-KOMMEND,SACHSEN,1
IN-KOMMEND,ABER,1
IN-KOMMEND,HIER,1
IN-KOMMEND,WIE-AUSSEHEN,1
MONTAG,ACHT,1
MONTAG,WOLKE,1
MONTAG,BLEIBEN,1
JETZT,INFORMIEREN,1
__ON__,MUESSEN,1
__ON__,U,1
__ON__,DESWEGEN,1
__ON__,RUEGEN,1
__ON__,STURM,1
__ON__,MISCHUNG,1
__ON__,WO,1
JETZT,NACHT,1
JETZT,DEUTSCH,1
__ON__,HEUTE-NACHT,1
WETTER,BISSCHEN,1
WETTER,REGION,1
WETTER,IX,1
WETTER,BLEIBEN,1
WETTER,UNTERSCHIED,1
WETTER,STARK,1
WETTER,BESSER,1
WETTER,DONNERSTAG,1
__ON__,WOLKE,1
__ON__,ES-BEDEUTET,1
WETTER,BIS,1
__ON__,SONST,1
__ON__,E,1
__ON__,ANKLICKEN,1
__ON__,FUER,1
__ON__,ALLGEMEIN,1
__ON__,BEREICH,1
__ON__,ZWANZIG,1
__ON__,IM-VERLAUF,1
__ON__,TEILWEISE,1
__ON__,SIEBEN,1
__ON__,DREHEN,1
__ON__,NORMAL,1
__ON__,AEHNLICH,1
__ON__,KRAEFTIG,1
__ON__,SONNE,1
__ON__,SKANDINAVIEN,1
__ON__,A,1
__ON__,KALT,1
__ON__,SO,1
WETTER,VORAUSSAGE,1
WETTER,VERAENDERN,1
MONTAG,HEFTIG,1
MONTAG,IN-KOMMEND,1
ZEIGEN-BILDSCHIRM,DONNERSTAG,1
ZEIGEN-BILDSCHIRM,NORDOST,1
ZEIGEN-BILDSCHIRM,ABER,1
MONTAG,UEBERALL,1
MONTAG,AUCH,1
MONTAG,DIENSTAG,1
MONTAG,ABEND,1
MONTAG,NACHT,1
MONTAG,ZWOELF,1
APRIL,DONNERSTAG,1
MONTAG,ACHTZEHN,1
MONTAG,NORD,1
MONTAG,MOEGLICH,1
MONTAG,VIER,1
MONTAG,AEHNLICH,1
MONTAG,FUENF,1
MONTAG,MEISTENS,1
MONTAG,FAST,1
__OFF__,NORD,1
APRIL,ZEIGEN-BILDSCHIRM,1
WETTER,WENIG,1
WIE-AUSSEHEN,MEIN,1
WETTER,HAUPTSAECHLICH,1
WETTER,AUCH,1
WETTER,BESONDERS,1
WETTER,HEFTIG,1
WETTER,MITTWOCH,1
WETTER,FREITAG,1
WETTER,VERSCHWINDEN,1
WIE-AUSSEHEN,ZEIGEN-BILDSCHIRM,1
WIE-AUSSEHEN,IX,1
APRIL,WETTER,1
WIE-AUSSEHEN,SONNTAG,1
WIE-AUSSEHEN,DREIZEHN,1
WIE-AUSSEHEN,KOMMEN,1
WIE-AUSSEHEN,TEIL,1
WIE-AUSSEHEN,MONTAG,1
WIE-AUSSEHEN,ERSTE,1
ZWEITE,APRIL,1
ZWEITE,MITTE,1
WARM,SONNE,1
WARM,BISSCHEN,1
WARM,IN-KOMMEND,1
DAZWISCHEN,REGION,1
KOENNEN,TAG,1
KOENNEN,NACHT,1
KOENNEN,DABEI,1
KOENNEN,DEUTSCH,1
KOENNEN,WOCHENENDE,1
KOENNEN,HAUPTSAECHLICH,1
KOENNEN,STURM,1
KOENNEN,SUEDOST,1
DAZWISCHEN,FREUNDLICH,1
KOENNEN,OST,1
DAZWISCHEN,MORGEN,1
REGION,TEILWEISE,1
REGION,BESSER,1
REGION,EINS,1
REGION,SCHNEE,1
REGION,MEHR,1
REGION,DANN,1
REGION,TEMPERATUR,1
KOENNEN,GEFRIEREN,1
KOENNEN,BISSCHEN,1
REGION,TAG,1
KOENNEN,WIE,1
WOLKE,ORT,1
WOLKE,TIEF,1
WOLKE,NAEHE,1
WOLKE,TRUEB,1
WOLKE,MAL,1
WOLKE,MORGEN,1
WOLKE,TROCKEN,1
KOENNEN,MANNHEIM,1
KOENNEN,FRISCH,1
KOENNEN,SIEBZEHN,1
KOENNEN,MORGEN,1
KOENNEN,UEBERSCHWEMMUNG,1
KOENNEN,SCHOEN,1
KOENNEN,NACHMITTAG,1
KOENNEN,BIS,1
KOENNEN,WOLKE,1
KOENNEN,WIND,1
KOENNEN,AUCH,1
REGION,BERG,1
REGION,EIN,1
WOLKE,MISCHUNG,1
REGION,DAZWISCHEN,1
REGION,VIER,1
REGION,SAEGE,1
REGION,NEBEL,1
REGION,BLEIBEN,1
REGION,ALLGAEU,1
REGION,BAYERN,1
REGION,ELF,1
REGION,UND,1
REGION,LUFT,1
REGION,REGION,1
REGION,SECHSZEHN,1
REGION,BADEN,1
REGION,TAGSUEBER,1
REGION,B,1
REGION,MAL,1
REGION,VERSCHIEDEN,1
REGION,SICHER,1
REGION,GEWITTER,1
REGION,RECHNEN,1
REGION,FLUSS,1
REGION,ZWISCHEN,1
REGION,BRAND,1
REGION,NACH,1
REGION,FEUCHT,1
REGION,IN-KOMMEND,1
REGION,MANCHMAL,1
REGION,SUED,1
REGION,SCHWACH,1
REGION,DONNERSTAG,1
REGION,SCHON,1
REGION,SACHSEN,1
REGION,KOENNEN,1
REGION,MAESSIG,1
REGION,THUERINGEN,1
REGION,KUEHL,1
REGION,SPAETER,1
REGION,HAUPTSAECHLICH,1
REGION,NOCH,1
REGION,REST,1
REGION,WIE-AUSSEHEN,1
WOLKE,UNTERSCHIED,1
WOLKE,LOCKER,1
WARM,NEU,1
HEUTE,REGION,1
FLUSS,A,1
FLUSS,DREI,1
FLUSS,OST,1
FLUSS,UNGEFAEHR,1
FLUSS,MORGEN,1
HEUTE,KALT,1
HEUTE,UNGEFAEHR,1
HEUTE,FEUCHT,1
HEUTE,DRUCK,1
FLUSS,VIER,1
HEUTE,WIEDER,1
HEUTE,SECHS,1
HEUTE,AUCH,1
HEUTE,RHEIN,1
ABEND,AUSRICHTEN,1
ABEND,BEWOELKT,1
ABEND,OST,1
ABEND,MEHR,1
FLUSS,MITTE,1
FLUSS,WARM,1
ABEND,UEBERWIEGEND,1
FLUSS,NORDOST,1
WARM,TEMPERATUR,1
WARM,SUED,1
WARM,HEUTE,1
WARM,HIER,1
WARM,NACH,1
WARM,ZWANZIG,1
WARM,SONNTAG,1
WARM,MEHR,1
FLUSS,NOCH,1
FLUSS,MILD,1
FLUSS,WEST,1
FLUSS,SUED,1
FLUSS,MAXIMAL,1
FLUSS,AUCH,1
FLUSS,DANN,1
FLUSS,MINUS,1
FLUSS,PLUS,1
FLUSS,FUENF,1
ABEND,SCHNEE,1
ABEND,AUCH,1
WOLKE,OST,1
WOLKE,DAZU,1
WOLKE,UEBERWIEGEND,1
WOLKE,MOEGLICH,1
WOLKE,UEBERALL,1
WOLKE,BEWEGEN,1
WOLKE,KAUM,1
WOLKE,NORDWEST,1
WOLKE,VIEL,1
WOLKE,WAHRSCHEINLICH,1
WOLKE,SUED,1
NOCH,IHR,1
WOLKE,DICK,1
WOLKE,TEILWEISE,1
WOLKE,GEWITTER,1
WOLKE,SCHNEE,1
WOLKE,AUCH,1
WOLKE,DANN,1
WOLKE,DAS-IST-ES,1
WOLKE,NACHMITTAG,1
WOLKE,ALS,1
NOCH,TROCKEN,1
ABEND,BEGRUESSEN,1
ABEND,IX,1
ABEND,STURM,1
ABEND,IN-KOMMEND,1
ABEND,WETTER,1
ABEND,TEMPERATUR,1
ABEND,GEWITTER,1
ABEND,ZWISCHEN,1
ABEND,HEUTE,1
ABEND,BISSCHEN,1
ABEND,BISHER,1
NOCH,DANN,1
NOCH,WOLKE,1
NOCH,STURM,1
NOCH,BISSCHEN,1
NOCH,KALT,1
NOCH,MINUS,1
NOCH,GUT,1
NOCH,FUENF,1
NOCH,SONNE,1
__ON__,ABEND,1
__ON__,ALLGAEU,1
__ON__,HEISS,1
SAMSTAG,BESSER,1
SONNE,VOR,1
SONNE,SONNE,1
SELTEN,REGEN,1
SELTEN,NUR,1
SELTEN,__OFF__,1
SELTEN,TATSAECHLICH,1
SAMSTAG,WECHSELHAFT,1
SAMSTAG,ZWEITE,1
SAMSTAG,FUENFTE,1
SONNE,MEER,1
SAMSTAG,DANN,1
SAMSTAG,IX,1
SAMSTAG,SCHNEE,1
SAMSTAG,NOCH,1
SAMSTAG,TEIL,1
SAMSTAG,SCHOEN,1
SAMSTAG,SUEDOST,1
SAMSTAG,VIEL,1
SONNE,HEUTE,1
SONNE,IX,1
SAMSTAG,ACHTZEHN,1
SONNE,HIMMEL,1
SONNE,KOENNEN,1
SONNE,KAUM,1
SONNE,KOMMEN,1
SONNE,MOEGLICH,1
SONNE,GEWITTER,1
SONNE,SPAETER,1
SONNE,WECHSELHAFT,1
SONNE,BERG,1
SONNE,WIE,1
SONNE,TEMPERATUR,1
SONNE,NUR,1
SONNE,WENIG,1
SONNE,SUEDWEST,1
SONNE,DAZU,1
SONNE,MEHR,1
SONNE,STRAHLEN,1
SONNE,MANCHMAL,1
SONNE,ABEND,1
SAMSTAG,SUED,1
SAMSTAG,NORD,1
SONNE,IM-VERLAUF,1
BESONDERS,SCHOEN,1
WECHSELHAFT,SOMMER,1
WECHSELHAFT,TEIL,1
WECHSELHAFT,MEHR,1
WECHSELHAFT,WETTER,1
BESONDERS,FREUNDLICH,1
BESONDERS,SUEDWEST,1
BESONDERS,SAMSTAG,1
BESONDERS,IX,1
BESONDERS,ALPEN,1
WECHSELHAFT,TEMPERATUR,1
BESONDERS,KALT,1
BESONDERS,NAEHE,1
BESONDERS,NORDWEST,1
BESONDERS,BAYERN,1
BESONDERS,REGEN,1
FREUNDLICH,NORDOST,1
FREUNDLICH,WARM,1
FREUNDLICH,WOLKE,1
WECHSELHAFT,SCHOEN,1
WECHSELHAFT,NICHT-IN-KOMMEND,1
SAMSTAG,HAUPTSAECHLICH,1
WECHSELHAFT,BESONDERS,1
SAMSTAG,KALT,1
SAMSTAG,AUCH,1
SAMSTAG,SECHS,1
SAMSTAG,KUEHL,1
SAMSTAG,IN-KOMMEND,1
SAMSTAG,MEHR,1
SAMSTAG,MEISTENS,1
SAMSTAG,REGEN,1
WECHSELHAFT,ABER,1
WECHSELHAFT,OST,1
WECHSELHAFT,MAL-SO,1
WECHSELHAFT,GEWITTER,1
WECHSELHAFT,FREITAG,1
WECHSELHAFT,KUEHL,1
WECHSELHAFT,STARK,1
WECHSELHAFT,SUEDOST,1
WECHSELHAFT,GRUND,1
WECHSELHAFT,TIEF,1
SONNE,WAHRSCHEINLICH,1
SONNE,BESONDERS,1
FREUNDLICH,SPAETER,1
MORGEN,DREIZEHN,1
ABER,TROTZDEM,1
ABER,SONNE,1
FREUEN,MORGEN,1
MORGEN,DASSELBE,1
MORGEN,DANN,1
MORGEN,DIESE,1
MORGEN,SCHON,1
MORGEN,SCHAUER,1
MORGEN,SPANIEN,1
ABER,NORD,1
MORGEN,MITTAG,1
MORGEN,UNGEFAEHR,1
MORGEN,ACHTZEHN,1
MORGEN,FAST,1
MORGEN,MUESSEN,1
MORGEN,ZWOELF,1
MORGEN,SCHNEIEN,1
MORGEN,MITTE,1
ABER,MORGEN,1
ABER,NUR,1
MORGEN,STARK,1
ABER,DOCH,1
ABER,IM-VERLAUF,1
ABER,KOMMEN,1
ABER,HOCH,1
ABER,STARK,1
ABER,AUCH,1
ABER,AUSNAHME,1
ABER,SCHWER,1
ABER,OST,1
ABER,NICHTALP-STIMMT,1
ABER,SAMSTAG,1
ABER,REST,1
ABER,NACHT,1
ABER,HIER,1
ABER,TROCKEN,1
ABER,HAUPTSAECHLICH,1
ABER,DONNERSTAG,1
ABER,MEISTENS,1
ABER,BISSCHEN,1
MORGEN,WIND,1
MORGEN,LEICHT,1
SONNE,VIEL,1
SONNE,NICHT-REGION,1
MORGEN,SUED,1
MORGEN,ZWEIZWANZIG,1
MORGEN,TATSAECHLICH,1
MORGEN,SCHNEE,1
MORGEN,MAXIMAL,1
MORGEN,KUESTE,1
MORGEN,WECHSELHAFT,1
SONNE,UEBERWIEGEND,1
SONNE,DANN,1
MORGEN,TAGSUEBER,1
SONNE,BRAUCHEN,1
SONNE,MEISTENS,1
SONNE,MORGEN,1
SONNE,VORBEI,1
SONNE,MONTAG,1
SONNE,AB-SO,1
SONNE,SAMSTAG,1
SONNE,UND,1
MORGEN,NORDOST,1
MORGEN,DREISSIG,1
MORGEN,NEUN,1
MORGEN,MINUS,1
MORGEN,TAG,1
MORGEN,ERWARTEN,1
MORGEN,WECHSEL,1
MORGEN,SCHWACH,1
MORGEN,DURCHGEHEND,1
MORGEN,SO,1
MORGEN,WIEDER,1
MORGEN,ZWANZIG,1
MORGEN,SIE,1
MORGEN,DREI,1
MORGEN,FUENFZEHN,1
MORGEN,BEWOELKT,1
MORGEN,REGEN,1
MORGEN,KUEHL,1
MORGEN,ORT,1
MORGEN,BIS,1
MORGEN,LUFT,1
MORGEN,SOLL,1
FREUNDLICH,HOCH,1
FREUNDLICH,WENN,1
__ON__,BERG,1
GEWITTER,WEST,1
TEIL,__OFF__,1
TEIL,FREUNDLICH,1
TEIL,SONNE,1
TEIL,WECHSELHAFT,1
TEIL,UEBERWIEGEND,1
GEWITTER,SCHWACH,1
GEWITTER,TEIL,1
GEWITTER,NUR,1
GEWITTER,IX,1
TEIL,HAGEL,1
GEWITTER,MEISTENS,1
GEWITTER,ORT,1
GEWITTER,UNWETTER,1
GEWITTER,SPAETER,1
GEWITTER,DANN,1
GEWITTER,MEHR,1
GEWITTER,HAUPTSAECHLICH,1
GEWITTER,HEFTIG,1
TEIL,SCHNEE,1
TEIL,LANG,1
GEWITTER,BESONDERS,1
REGEN,FLUSS,1
REGEN,ABER,1
REGEN,BEDEUTEN,1
REGEN,UNWETTER,1
REGEN,NICHTALP-AUCH,1
REGEN,PRO,1
REGEN,SAMSTAG,1
REGEN,AB,1
REGEN,MONTAG,1
REGEN,SCHON,1
TEIL,MINUS,1
REGEN,NORDOST,1
REGEN,NACHT,1
REGEN,SCHAUER,1
REGEN,FREITAG,1
REGEN,MEER,1
REGEN,VIERHUNDERT,1
REGEN,DARUM,1
REGEN,NICHT-HABEN,1
GEWITTER,GLEICH,1
GEWITTER,SUED,1
REGEN,DEUTSCH,1
__ON__,ZEIGEN-BILDSCHIRM,1
SUEDOST,MAXIMAL,1
SUEDOST,TATSAECHLICH,1
SUEDOST,SECHS,1
SUEDOST,SONNE,1
SUEDOST,SUED,1
SUEDOST,WARNUNG,1
SUEDOST,TEIL,1
DURCH,REGEN,1
__ON__,REST,1
SUEDOST,LOCKER,1
__ON__,MILD,1
__ON__,NEUNZEHN,1
__ON__,SEHEN,1
__ON__,BESONDERS,1
__ON__,ABER,1
__ON__,SCHWER,1
__ON__,SUEDWEST,1
__ON__,WALD,1
SUEDOST,WOLKE,1
SUEDOST,MORGEN,1
GEWITTER,NACH,1
SUEDOST,SONST,1
GEWITTER,NORDOST,1
GEWITTER,MITBRINGEN,1
SUEDOST,DURCH,1
SUEDOST,SCHWACH,1
SUEDOST,GEWITTER,1
SUEDOST,HAUPTSAECHLICH,1
SUEDOST,HOCH,1
SUEDOST,MOEGLICH,1
SUEDOST,WIRKLICH,1
SUEDOST,RECHNEN,1
SUEDOST,AUCH,1
SUEDOST,DEUTSCH,1
SUEDOST,FRISCH,1
SUEDOST,WEITER,1
SUEDOST,MISCHUNG,1
SUEDOST,SCHNEE,1
SUEDOST,WECHSELHAFT,1
SUEDOST,NACHT,1
REGEN,IHR,1
REGEN,GRAUPEL,1
FREUNDLICH,LANG,1
BISSCHEN,WENIG,1
NORDOST,BLEIBEN,1
NORDOST,ANFANG,1
BISSCHEN,BEREICH,1
BISSCHEN,REGION,1
BISSCHEN,RUHIG,1
BISSCHEN,FRISCH,1
BISSCHEN,STURM,1
BISSCHEN,DABEI,1
BISSCHEN,NORD,1
NORDOST,BEWOELKT,1
BISSCHEN,KLAR,1
BISSCHEN,TROPFEN,1
BISSCHEN,KALT,1
BISSCHEN,FROST,1
BISSCHEN,MILD,1
BISSCHEN,LUFT,1
SONNTAG,REGEN,1
SONNTAG,SPEZIELL,1
NORDOST,LANG,1
NORDOST,FUENFZEHN,1
SONNTAG,UEBERWIEGEND,1
NORDOST,BISSCHEN,1
FREUNDLICH,WEST,1
FREUNDLICH,SPAET,1
FREUNDLICH,TEIL,1
FREUNDLICH,AUCH,1
FREUNDLICH,HERBST,1
FREUNDLICH,MORGEN,1
FREUNDLICH,MEHR,1
FREUNDLICH,GLEICH,1
NORDOST,ZWOELF,1
NORDOST,MEHR,1
NORDOST,MIT,1
NORDOST,AUFLOESEN,1
NORDOST,WIND,1
NORDOST,MEISTENS,1
NORDOST,KOMMEN,1
NORDOST,MINUS,1
NORDOST,DREI,1
NORDOST,REGEN,1
SONNTAG,IX,1
SONNTAG,FUENFTE,1
REGEN,SONNE,1
REGEN,TIEF,1
REGEN,NEBEL,1
REGEN,BLEIBEN,1
REGEN,WOCHENENDE,1
REGEN,VIEL,1
REGEN,TAG,1
REGEN,TROPFEN,1
REGEN,KURZ,1
REGEN,ORT,1
REGEN,UMWANDELN,1
REGEN,WENN,1
REGEN,VERLAENGERN,1
REGEN,VESCHWINDEN,1
REGEN,KALT,1
REGEN,BODEN,1
REGEN,HOEHER,1
REGEN,VON-UNTEN,1
REGEN,SONNTAG,1
REGEN,STARK,1
REGEN,LANG,1
REGEN,UEBERWIEGEND,1
SONNTAG,ERSTE,1
SONNTAG,GLATT,1
SONNTAG,__OFF__,1
SONNTAG,FREUNDLICH,1
SONNTAG,ZWOELF,1
SONNTAG,NEUNZEHNTE,1
SONNTAG,ZWANZIG,1
SONNTAG,BLEIBEN,1
SONNTAG,KUEHL,1
SONNTAG,LANG,1
SONNTAG,AB,1
REGEN,SUEDOST,1
SONNTAG,IN-KOMMEND,1
SONNTAG,OFT,1
SONNTAG,TEMPERATUR,1
SONNTAG,MONTAG,1
SONNTAG,WECHSELHAFT,1
SONNTAG,REGION,1
SONNTAG,GLEICH,1
REGEN,TEIL,1
REGION,ACHT,1
REGION,WEST,1
REGION,IM-VERLAUF,1
WEHEN,STARK,1
NORDWEST,NACHT,1
NORDWEST,KOENNEN,1
NORDWEST,KOMMEN,1
NORDWEST,GEWITTER,1
NORDWEST,ZONE,1
NORDWEST,HAUPTSAECHLICH,1
NORDWEST,WARM,1
WEHEN,WIND,1
WEHEN,ICH,1
NORDWEST,BEKOMMEN,1
ABER,KUEHL,1
WEHEN,NEBEL,1
WEHEN,BERG,1
WEHEN,REGION,1
WEHEN,STURM,1
WEHEN,TEMPERATUR,1
WEHEN,MITTWOCH,1
WEHEN,IM-VERLAUF,1
NORDWEST,PLUS,1
NORDWEST,MEER,1
WEHEN,HEUTE,1
SIEBEN,MAXIMAL,1
ZWEI,IX,1
ZWEI,ZWISCHEN,1
ZWEI,MAXIMAL,1
SIEBEN,GRENZE,1
SIEBEN,FLUSS,1
SIEBEN,MOEGLICH,1
SIEBEN,BEKOMMEN,1
SIEBEN,BIS,1
GRENZE,__OFF__,1
NORDWEST,MEISTENS,1
GRENZE,TEILWEISE,1
NORDWEST,FREUNDLICH,1
NORDWEST,ZWOELF,1
NORDWEST,WIEDER,1
NORDWEST,NACHMITTAG,1
NORDWEST,IX,1
NORDWEST,FRISCH,1
NORDWEST,NUR,1
WEHEN,TIEF,1
WEHEN,MAESSIG,1
ZWEI,BERG,1
VIEL,NEBEL,1
SONST,NOCH,1
SONST,HOCH,1
SONST,OST,1
SONST,NULL,1
SONST,NUR,1
SONST,HIMMEL,1
VIEL,WASSER,1
VIEL,IX,1
VIEL,SUED,1
SONST,MAESSIG,1
VIEL,BESONDERS,1
VIEL,SCHNEE,1
VIEL,TRINKEN,1
VIEL,KLAR,1
TEILWEISE,WEHEN,1
TEILWEISE,WOLKE,1
TEILWEISE,SOLL,1
TEILWEISE,NEBEL,1
SONST,KLAR,1
SONST,WIND,1
WEHEN,DAS-WARS,1
SCHAUER,STURM,1
WEHEN,MEHR,1
WEHEN,ABER,1
WEHEN,SONST,1
WEHEN,FRISCH,1
DASSELBE,SCHAUER,1
SCHAUER,NICHT,1
SCHAUER,TYPISCH,1
SCHAUER,NORD,1
SCHAUER,BIS,1
SONST,FUENFZEHN,1
SCHAUER,VORSICHT,1
SCHAUER,KOMMEN,1
SCHAUER,BERG,1
SCHAUER,SONNE,1
SCHAUER,NUR,1
SCHAUER,DABEI,1
SONST,WAHRSCHEINLICH,1
SONST,GUT,1
ZWEI,BIS,1
ZWEI,__OFF__,1
TEILWEISE,STARK,1
MEHR,WETTER,1
MEHR,SUPER,1
MEHR,MITTWOCH,1
MEHR,KALT,1
MEHR,WEHEN,1
MEHR,SCHOEN,1
MEHR,__OFF__,1
MEHR,NUR,1
MEHR,GUT,1
LIEB,IX,1
MEHR,TIEF,1
LIEB,DU,1
ZUSCHAUER,SONNE,1
ZUSCHAUER,EUCH,1
ZUSCHAUER,EIN-PAAR,1
BEGRUESSEN,GUT,1
BEGRUESSEN,MORGEN,1
BEGRUESSEN,JETZT,1
GUT,IM-VERLAUF,1
MEHR,NEBEL,1
MEHR,HEUTE,1
GUT,REGION,1
NORD,__OFF__,1
NORD,BEKOMMEN,1
NORD,IX,1
NORD,ZWEI,1
NORD,TAG,1
NORD,NICHT-FROST,1
NORD,WAHRSCHEINLICH,1
NORD,HABEN,1
NORD,NUR,1
NORD,TATSAECHLICH,1
MEHR,NACH,1
NORD,ACHT,1
NORD,KRAEFTIG,1
MEHR,SCHNEE,1
MEHR,IX,1
MEHR,OST,1
MEHR,LOCKER,1
MEHR,RUHIG,1
MEHR,STARK,1
GUT,SONNE,1
GUT,FREUNDLICH,1
ZWEI,MINUS,1
HOCH,WASSER,1
OST,BESTE,1
OST,DREIDREISSIG,1
OST,AUCH,1
OST,GLUECK,1
OST,NEBEL,1
HOCH,STURM,1
HOCH,DEUTSCH,1
HOCH,SAMSTAG,1
HOCH,SCHWUEL,1
OST,ZEHN,1
HOCH,MEHR,1
HOCH,LUFT,1
HOCH,FLUSS,1
HOCH,NOCH-NICHT,1
HOCH,SCHON,1
HOCH,TIEF,1
MANNHEIM,BISSCHEN,1
ZWEI,SIEBEN,1
OST,VIEL,1
OST,FRISCH,1
GUT,SCHOEN,1
OST,MORGEN,1
GUT,WARM,1
GUT,MANCHMAL,1
OST,IX,1
OST,SEE,1
OST,DEUTSCHLAND,1
OST,SECHSZEHN,1
OST,ODER,1
OST,WEST,1
OST,AUFLOCKERUNG,1
OST,ZWISCHEN,1
OST,NOCH,1
OST,MEISTENS,1
OST,ERSTMAL,1
OST,DANN,1
OST,MITTE,1
OST,SIEBEN,1
OST,MOEGLICH,1
OST,DEUTSCH,1
TEILWEISE,AUCH,1
TEILWEISE,ENORM,1
NORD,NACHT,1
DANN,MILD,1
DANN,RUHIG,1
DANN,KOENNEN,1
DANN,SECHS,1
DANN,NORD,1
DANN,MOEGLICH,1
DANN,BIS,1
DANN,WECHSELHAFT,1
DANN,SCHNEE,1
DANN,SCHAUER,1
DANN,SONNTAG,1
DANN,DIENSTAG,1
DANN,WEST,1
DANN,WARM,1
DANN,VIEL,1
DANN,MEHR,1
DANN,IN-KOMMEND,1
DANN,DURCHGEHEND,1
DANN,NAECHSTE,1
DANN,TEMPERATUR,1
DANN,SLOWAKEI,1
DANN,SUEDWEST,1
WEST,IX,1
WEST,ANFANG,1
WEST,TRUEB,1
WEST,AUCH,1
WEST,KAUM,1
WEST,RISIKO,1
WEST,SCHNEE,1
WEST,HIMMEL,1
WEST,LEICHT,1
WEST,TAG,1
DANN,HERBST,1
WEST,FUENF,1
WEST,BISSCHEN,1
WEST,BIS,1
WEST,DANN,1
WEST,WARM,1
WEST,SCHAUER,1
NOCHEINMAL,VIERZEHN,1
NOCHEINMAL,RUHIG,1
DANN,NEU,1
DANN,OST,1
WEST,NOCHEINMAL,1
NEBEL,TAG,1
NEBEL,SONNE,1
NEBEL,ABER,1
NEBEL,UND,1
NEBEL,MANCHMAL,1
NEBEL,MORGEN,1
NEBEL,QUELL,1
NEBEL,TEMPERATUR,1
NEBEL,SUEDOST,1
NEBEL,NUR,1
NEBEL,KLAR,1
NEBEL,NICHT-HABEN,1
IM-VERLAUF,NEBEL,1
IM-VERLAUF,TAG,1
IM-VERLAUF,KOMMEN,1
IM-VERLAUF,UMSTELLEN,1
IM-VERLAUF,SPAETER,1
IM-VERLAUF,GUT,1
IM-VERLAUF,MOEGLICH,1
NEBEL,MAL,1
NEBEL,NORDOST,1
DANN,BESSER,1
HERBST,GEMISCHT,1
DANN,ALPEN,1
DANN,IM-VERLAUF,1
DANN,NAEHE,1
HERBST,MISCHUNG,1
HERBST,MIT,1
HERBST,__OFF__,1
HERBST,MILD,1
HERBST,SO,1
MISCHUNG,HOCH,1
NEBEL,KOENNEN,1
MISCHUNG,WOLKE,1
MISCHUNG,__OFF__,1
NEBEL,NORDWEST,1
NEBEL,WENN,1
NEBEL,VERSCHWINDEN,1
NEBEL,TEILWEISE,1
NEBEL,DANN,1
NEBEL,DAZU,1
WEST,UND,1
UEBERWIEGEND,BEWOELKT,1
ZWOELF,SUED,1
IX,BADEN,1
IX,FREUNDLICH,1
IX,NOCH,1
IX,TEMPERATUR,1
IX,SIEBEN,1
IX,WETTER,1
IX,BAYERN,1
IX,HIMMEL,1
IX,TEILWEISE,1
IX,UNGARN,1
IX,FLUSS,1
IX,WECHSELHAFT,1
IX,SUED,1
IX,SUEDWEST,1
IX,HOCH,1
IX,BERUHIGEN,1
IX,TEIL,1
IX,S+L+Y,1
IX,MINUS,1
IX,OST,1
IX,SCHON,1
IX,ALPEN,1
BAYERN,SACHSEN,1
ZWOELF,KOELN,1
ZWOELF,BIS,1
ZWOELF,ZWISCHEN,1
ZWOELF,UHR,1
ZWOELF,APRIL,1
ZWOELF,DEZEMBER,1
ZWOELF,JULI,1
ZWOELF,SEPTEMBER,1
BAYERN,SUEDWEST,1
IX,WENIG,1
BAYERN,OST,1
BAYERN,SUED,1
BAYERN,HIER,1
BAYERN,EINS,1
IX,AM-TAG,1
IX,WIND,1
IX,UNTEN,1
IX,ZUSCHAUER,1
IX,QUELL,1
IX,ORKAN,1
UEBERWIEGEND,REGION,1
ZWANZIG,IX,1
MAXIMAL,VIERZEHN,1
MAXIMAL,ZEHN,1
MAXIMAL,NORD,1
MAXIMAL,ZWOELF,1
MAXIMAL,__OFF__,1
MAXIMAL,DREI,1
ZWANZIG,THUERINGEN,1
ZWANZIG,UNTEN,1
ZWANZIG,L,1
MAXIMAL,EINS,1
ZWANZIG,JULI,1
ZWANZIG,MAI,1
ALS,SONNE,1
UEBERWIEGEND,SCHAUER,1
UEBERWIEGEND,OST,1
UEBERWIEGEND,SONNE,1
UEBERWIEGEND,WIND,1
UEBERWIEGEND,KLAR,1
MAXIMAL,SIEBZEHN,1
MAXIMAL,SIEBEN,1
IX,FROST,1
IX,KUEHL,1
IX,MITTE,1
IX,BERG,1
IX,MEER,1
IX,MILD,1
IX,SUEDOST,1
IX,SCHLECHT,1
IX,LANGSAM,1
IX,UND,1
IX,ENORM,1
MAXIMAL,SCHLUSS,1
IX,ZWEIDREISSIG,1
IX,SECHSZEHN,1
IX,NACHMITTAG,1
IX,SIEBZEHN,1
IX,U,1
IX,GERADE,1
IX,ABER,1
MAXIMAL,ZWANZIG,1
NORD,FUENFZEHN,1
NORD,NEUN,1
REGION,HIMMEL,1
AUCH,NUR,1
AUCH,DEUTSCH,1
AUCH,MEISTENS,1
AUCH,EBEN,1
AUCH,TAG,1
AUCH,ABER,1
AUCH,SO,1
AUCH,SCHWER,1
AUCH,ICH,1
AUCH,ABEND,1
AUCH,NORD,1
AUCH,DAZU,1
AUCH,WETTER,1
AUCH,WECHSELHAFT,1
AUCH,__OFF__,1
AUCH,HOCHWASSER,1
AUCH,SCHAUER,1
AUCH,FREUNDLICH,1
AUCH,UNWETTER,1
AUCH,VIEL,1
AUCH,SCHEINEN,1
WIND,MONTAG,1
AUCH,WEIN,1
TAG,LETZTE,1
TAG,FEIER,1
TAG,BISSCHEN,1
TAG,SAUER,1
AUCH,DRESDEN,1
AUCH,TEIL,1
AUCH,NEU,1
AUCH,EIN-PAAR,1
AUCH,SCHOEN,1
AUCH,SUEDWEST,1
AUCH,STARK,1
AUCH,MILD,1
AUCH,FROST,1
AUCH,NEBEL,1
AUCH,BAYERN,1
AUCH,KLAR,1
AUCH,MOEGLICH,1
AUCH,KOMMEN,1
AUCH,KUEHL,1
WIND,KALT,1
TAG,AUFLOESEN,1
STARK,UNTERSCHIED,1
FRISCH,NORD,1
STARK,KOMMEN,1
STARK,KUEHL,1
STARK,NEBEL,1
STARK,EIN-PAAR,1
STARK,TIEF,1
STARK,MILD,1
STARK,SONST,1
STARK,DANN,1
FRISCH,HEUTE,1
STARK,KOENNEN,1
STARK,IX,1
STARK,BOEE,1
STARK,__OFF__,1
STURM,SUEDOST,1
STURM,SUED,1
STURM,WIND,1
STURM,NACHT,1
FRISCH,ZEHN,1
FRISCH,KUEHL,1
WIND,ABER,1
WIND,VIEL,1
WIND,SUED,1
WIND,NACHT,1
WIND,WOCHENENDE,1
WIND,SCHAUER,1
WIND,DAZU,1
WIND,FREITAG,1
WIND,MORGEN,1
WIND,REGEN,1
WIND,DABEI,1
MAESSIG,SUED,1
WIND,BLEIBEN,1
WIND,NAECHSTE,1
WIND,NUR,1
WIND,MEHR,1
WIND,AB,1
MAESSIG,UNTEN,1
MAESSIG,WARM,1
MAESSIG,WENN,1
TAG,MILD,1
TAG,MISCHUNG,1
STURM,MITTE,1
VIERZEHN,IX,1
BIS,ZWEI,1
BIS,SUED,1
BIS,ABEND,1
BIS,NACH,1
BIS,ZWISCHEN-MITTE,1
BIS,ALPEN,1
BIS,SACHSEN,1
VIERZEHN,REGION,1
VIERZEHN,BIS,1
BIS,SECHSZEHN,1
VIERZEHN,ZWISCHEN,1
VIERZEHN,SEPTEMBER,1
VIERZEHN,TAG,1
VIERZEHN,FLUSS,1
GRAD,TAG,1
GRAD,MAXIMAL,1
GRAD,WOLKE,1
GRAD,KUEHL,1
BIS,FREITAG,1
BIS,DREIHUNDERT,1
GRAD,FREUNDLICH,1
MILD,SCHOEN,1
MILD,NEUN,1
MILD,WEHEN,1
MILD,MINUS,1
MILD,JETZT,1
MILD,WEITER,1
MILD,SECHSZEHN,1
MILD,SCHNEE,1
MILD,AEHNLICH,1
NEUN,OKTOBER,1
BIS,SECHSHUNDERT,1
NEUN,SUED,1
BIS,ZWEIZWANZIG,1
BIS,SONNE,1
BIS,MORGEN,1
BIS,WOCHENENDE,1
BIS,ZEHN,1
BIS,VIERZIG,1
BIS,EIN,1
GRAD,MONTAG,1
GRAD,NORDOST,1
TAG,NORDWEST,1
TAG,TRUEB,1
GRAD,EINS,1
GRAD,STEIGEN,1
GRAD,BERG,1
GRAD,WENN,1
TAG,KLAR,1
TAG,BEWOELKT,1
TAG,IM-VERLAUF,1
TAG,KOENNEN,1
TAG,VIER,1
GRAD,L,1
TAG,DANN,1
TAG,MEHR,1
TAG,REGEN,1
TAG,GANZTAGS,1
TAG,WOLKE,1
TAG,VIEL,1
TAG,BERG,1
TAG,REGION,1
GRAD,UND,1
GRAD,SEIN,1
GRAD,B,1
GRAD,KALT,1
GRAD,DIESE,1
GRAD,NICHT-WAHRSCHEINLICH,1
GRAD,V,1
GRAD,NIEDER,1
GRAD,IN-KOMMEND,1
GRAD,FUENFZEHN,1
GRAD,SCHWUEL,1
GRAD,KLAR,1
GRAD,UNGEFAEHR,1
GRAD,NACHMITTAG,1
GRAD,NUR,1
GRAD,MITTE,1
GRAD,KUESTE,1
GRAD,HOCH,1
GRAD,SONST,1
GRAD,MOEGLICH,1
GRAD,DIENSTAG,1
GRAD,ALPEN,1
STURM,SCHNELL,1
STURM,MORGEN,1
NORD,PLUS,1
SUED,SCHNEE,1
SUED,MAXIMAL,1
SUED,SECHSZEHN,1
SUED,EUROPA,1
SUED,SONNTAG,1
SUED,FRANKREICH,1
SUED,SCHON,1
SUED,DAUER,1
SUED,WOLKE,1
SUED,SCHWEDEN,1
SUED,SONNE,1
TROCKEN,IX,1
TROCKEN,ENORM,1
TROCKEN,DANN,1
TROCKEN,SPEZIELL,1
TROCKEN,FREUNDLICH,1
TROCKEN,WINTER,1
TROCKEN,HEISS,1
TROCKEN,ABER,1
SUED,__OFF__,1
SUED,DARUM,1
TROCKEN,LUFT,1
SUED,ENORM,1
KOMMEN,STROEMEN,1
KOMMEN,KUESTE,1
KOMMEN,JETZT,1
SUED,ODER,1
SUED,SCHWACH,1
SUED,SCHWER,1
SUED,DAZU,1
SUED,VIEL,1
SUED,TATSAECHLICH,1
SUED,KLAR,1
SUED,ZWEIZWANZIG,1
SUED,KAUM,1
SUED,DEUTSCHLAND,1
SUED,ALPEN,1
SUED,NACHT,1
SUED,ACHTZEHN,1
SUED,NOCH,1
SUED,NORDOST,1
TROCKEN,BLEIBEN,1
TROCKEN,TEIL,1
KOMMEN,STRASSE,1
NORD,NORDWEST,1
NORD,VIER,1
NORD,DREIZEHN,1
NORD,NORD,1
NORD,FRISCH,1
NORD,NEU,1
NORD,SCHNEE,1
NORD,SPAETER,1
NORD,GUT,1
NORD,SCHON,1
NORD,DEUTSCHLAND,1
NORD,SCHWER,1
NORD,EINIGE,1
NORD,BEWOELKT,1
NORD,ALPEN,1
NORD,SCHAUER,1
NORD,BIS,1
NORD,SCHAFFEN,1
NORD,FLUSS,1
NORD,BAYERN,1
NORD,SUED,1
TROCKEN,NACH,1
SPEZIELL,BADEN,1
TROCKEN,IN-KOMMEND,1
TROCKEN,KOENNEN,1
TROCKEN,MEHR,1
TROCKEN,BEWOELKT,1
TROCKEN,MANCHMAL,1
TROCKEN,REGEN,1
SPEZIELL,SUEDOST,1
SPEZIELL,NORDOST,1
NORD,NOCH,1
NORD,UEBERWIEGEND,1
NORD,SECHS,1
NORD,TROCKEN,1
NORD,SUEDWEST,1
NORD,SONNE,1
NORD,MORGEN,1
NORD,LANG,1
NORD,WENIGER,1
NORD,VIERZEHN,1
KOMMEN,KRAEFTIG,1
KOMMEN,MISCHUNG,1
STURM,REGEN,1
SCHWACH,ABER,1
SCHWER,WIRBEL,1
SCHWER,WEHEN,1
SCHWER,GEWITTER,1
SCHWER,WIND,1
SCHWACH,WIND,1
SCHWACH,VERSCHIEDEN,1
SCHWACH,REGION,1
SCHWACH,DRUCK,1
DONNERSTAG,KOMMEN,1
BERG,NULL,1
DONNERSTAG,EXTREM,1
DONNERSTAG,ACHTE,1
DONNERSTAG,SUEDOST,1
DONNERSTAG,IN-KOMMEND,1
DONNERSTAG,SIEBZEHN,1
DONNERSTAG,MITTAG,1
DONNERSTAG,NEUNZEHN,1
DONNERSTAG,BISSCHEN,1
BERG,AUCH,1
BERG,KOENNEN,1
DONNERSTAG,WAHRSCHEINLICH,1
BERG,MOEGLICH,1
STURM,WEST,1
STURM,TEIL,1
STURM,DANN,1
STURM,GEWITTER,1
STURM,STARK,1
STURM,WEITER,1
STURM,TATSAECHLICH,1
BERG,VIER,1
BERG,WEHEN,1
BERG,GARTEN,1
BERG,SCHON,1
BERG,ANFANG,1
BERG,BIS,1
BERG,UNTEN,1
BERG,FRISCH,1
BERG,WARM,1
BERG,BESONDERS,1
BERG,SECHS,1
DONNERSTAG,HEISS,1
DONNERSTAG,FREUNDLICH,1
KOMMEN,SONNE,1
KOMMEN,WOCHENENDE,1
KOMMEN,DARUM,1
KOMMEN,DEUTSCHLAND,1
KOMMEN,HIER,1
KOMMEN,GLEICH,1
KOMMEN,HEUTE,1
KOMMEN,GUT,1
KOMMEN,WEST,1
KOMMEN,SPEZIELL,1
KOMMEN,SCHNEE,1
KOMMEN,NACH,1
KOMMEN,STARK,1
KOMMEN,FROST,1
KOMMEN,ABEND,1
KOMMEN,VON,1
KOMMEN,BESONDERS,1
KOMMEN,NIEDERUNG,1
KOMMEN,VERSCHWINDEN,1
KOMMEN,BERLIN,1
KOMMEN,SKANDINAVIEN,1
KOMMEN,SCHOEN,1
DONNERSTAG,SECHS,1
KOMMEN,ORKAN,1
DONNERSTAG,NORDWEST,1
DONNERSTAG,SIEBEN,1
DONNERSTAG,MEHR,1
DONNERSTAG,EINS,1
KOMMEN,DESWEGEN,1
KOMMEN,EINFLUSS,1
KOMMEN,IM-VERLAUF,1
KOMMEN,SCHON,1
KOMMEN,NICHT-HABEN,1
KOMMEN,NUR,1
KOMMEN,ZONE,1
KOMMEN,RICHTUNG,1
KOMMEN,MITTE,1
KOMMEN,LOCH,1
KOMMEN,UND,1
KOMMEN,SCHAUER,1
KOMMEN,MUENCHEN,1
KOMMEN,NEU,1
INSGESAMT,MEHR,1
